launch_id,mission_name,date,pad_name,latitude,longitude,weather_concerns_raw,published_probability_pct,temp_max_c,temp_min_c,precipitation_mm,windspeed_max_kmh,windgusts_max_kmh,cloudcover_mean_pct,label_go
24675e3d-2458-48a3-8c70-5196e44d4dc3,NROL-95,2026-07-30,Space Launch Complex 40,28.56194122,-80.57735736,"Anvil Cloud Rules, Thick Cloud Layers Rule, Cumulus Cloud Rule",70,30.1,23.9,30.8,22.4,42.1,92,1
0f6780cf-edae-4d7c-99d6-ce7de784d140,MRV-1,2026-07-21,Space Launch Complex 40,28.56194122,-80.57735736,"Cumulus Cloud Rule, Anvil Cloud Rules",90,31.8,26.5,0.0,26.3,53.3,37,1
d9adedc4-8fa1-4a36-84f9-43b8893a6865,SDA Tranche 1 Transport Layer E,2026-07-16,Space Launch Complex 4E,34.632,-120.611,,100,19.8,13.4,0.0,16.8,40.7,0,1
9999a3a3-b15d-4ee3-b70f-acf00d10d912,Starlink Group 10-45,2026-07-14,Space Launch Complex 40,28.56194122,-80.57735736,Thick Cloud Layers Rule,90,33.6,23.6,7.6,15.5,38.5,73,1
62d4cd48-ed28-418b-b58c-526781a50a39,Starlink Group 10-42,2026-07-09,Space Launch Complex 40,28.56194122,-80.57735736,Cumulus Cloud Rule,90,32.1,26.0,0.1,19.1,39.2,56,1
1ef27ca1-af91-48bb-b934-3da5abd9f711,Starlink Group 10-50,2026-07-05,Space Launch Complex 40,28.56194122,-80.57735736,Cumulus Cloud Rule,85,32.4,24.7,5.2,17.4,38.9,72,1
ce3db8f7-ba9b-4a2a-953c-c6c6ee926541,Sirius SXM-11,2026-06-29,Space Launch Complex 40,28.56194122,-80.57735736,"Cumulus Cloud Rule, Anvil Cloud Rules",80,33.5,25.6,1.5,18.6,34.6,10,1
74bf8472-9ba1-42d6-9245-b014f8e91de9,Project Starfall Demonstration Mission,2026-06-23,Space Launch Complex 40,28.56194122,-80.57735736,Cumulus Cloud Rule,95,34.5,24.6,0.8,21.6,48.6,19,1
c3f48f48-0e0a-4bca-917e-de494cfca35b,BlueBird 8-10 (Block 2 #3-5),2026-06-17,Space Launch Complex 40,28.56194122,-80.57735736,"Cumulus Cloud Rule, Anvil Cloud Rules",90,33.5,23.8,3.3,20.9,42.8,52,1
229267d8-74ca-4d0b-8711-b2efe621fc6b,Starlink Group 10-54,2026-06-12,Space Launch Complex 40,28.56194122,-80.57735736,Cumulus Cloud Rule,80,31.3,24.3,5.3,16.5,32.4,67,1
114577dc-7617-461c-aaeb-9bd0f64b5a4b,Starlink Group 10-35,2026-06-08,Space Launch Complex 40,28.56194122,-80.57735736,Thick Cloud Layers Rule,90,31.0,21.7,0.0,16.7,40.3,72,1
cfff5e89-af2e-46b1-9446-7b0f18de4ef7,Starlink Group 10-43,2026-06-04,Space Launch Complex 40,28.56194122,-80.57735736,Cumulus Cloud Rule,95,28.3,23.9,0.1,23.4,50.4,91,1
384fb817-2a18-46ec-b294-613c08ecea52,Starlink Group 10-53,2026-05-29,Space Launch Complex 40,28.56194122,-80.57735736,"Cumulus Cloud Rule, Anvil Cloud Rules",80,31.4,23.5,12.8,15.0,32.0,86,1
e6159040-124e-4a2a-91db-41f5a48acfd8,Starlink Group 10-47,2026-05-25,Space Launch Complex 40,28.56194122,-80.57735736,Cumulus Cloud Rule,85,30.8,23.9,3.3,26.4,56.9,49,1
ef65c43b-faf9-4adb-9155-289eaabdd097,Starlink Group 10-31,2026-05-21,Space Launch Complex 40,28.56194122,-80.57735736,Cumulus Cloud Rule,90,30.3,24.1,2.6,18.0,38.9,24,1
e60aa241-1f2c-4459-ba94-2f576c3e5632,Dragon CRS-2 SpX-34,2026-05-15,Space Launch Complex 40,28.56194122,-80.57735736,Cumulus Cloud Rule,95,29.4,21.2,3.3,10.7,25.2,18,1
b3877a27-7332-47cb-ac46-12a32143081b,Starlink Group 10-38,2026-05-01,Space Launch Complex 40,28.56194122,-80.57735736,"Cumulus Cloud Rule, Thick Cloud Layers Rule",80,29.2,21.7,1.9,15.7,38.2,84,1
4cc237b2-c61a-491e-9532-466cce81f524,ViaSat-3 F3 (ViaSat-3 Asia-Pacific),2026-04-29,Launch Complex 39A,28.60822681,-80.60428186,Thick Cloud Layers Rule,85,27.9,20.3,0.2,18.4,39.6,38,1
2c5686ec-b0fd-4987-935d-587e3c85fa2d,GPS III SV10,2026-04-21,Space Launch Complex 40,28.56194122,-80.57735736,"Cumulus Cloud Rule, Thick Cloud Layers Rule",90,24.1,20.3,0.0,25.4,54.0,36,1
5352577c-d94a-4e68-a0c8-b0b684621a4f,Starlink Group 10-24,2026-04-14,Space Launch Complex 40,28.56194122,-80.57735736,Thick Cloud Layers Rule,95,25.2,20.5,3.4,19.2,41.0,70,1
5ed6ab75-8c5b-4013-93e1-1deb56b14f1d,Cygnus CRS-2 NG-24 (S.S. Steven R. Nagel),2026-04-11,Space Launch Complex 40,28.56194122,-80.57735736,Cumulus Cloud Rule,90,24.4,19.8,0.0,20.4,44.3,54,1
63aa7636-d2b7-457f-a3e6-27e564e42941,Starlink Group 10-58,2026-04-02,Space Launch Complex 40,28.56194122,-80.57735736,"Cumulus Cloud Rule, Surface Electric Fields Rule",60,24.8,21.9,1.9,21.7,46.4,31,1
10fbecb2-7624-44bc-85ce-9a22b9b9f2ec,Starlink Group 10-44,2026-03-30,Space Launch Complex 40,28.56194122,-80.57735736,"Cumulus Cloud Rule, Surface Electric Fields Rule, Thick Cloud Layers Rule",70,24.7,20.0,2.1,25.1,52.2,51,1
2ab15fcb-7a74-429d-bab0-43635b723cfd,Starlink Group 10-62,2026-03-22,Space Launch Complex 40,28.56194122,-80.57735736,,99,24.9,13.8,0.0,15.3,33.8,0,1
890f714a-aa3c-487f-ae81-b7e654276cd5,Starlink Group 10-33,2026-03-19,Space Launch Complex 40,28.56194122,-80.57735736,"Cumulus Cloud Rule, Thick Cloud Layers Rule",60,20.0,16.3,2.4,37.3,77.0,70,1
f5df8e48-7612-4757-bd1b-cdb5b5a1936b,Starlink Group 10-46,2026-03-17,Space Launch Complex 40,28.56194122,-80.57735736,"Liftoff Winds, Cumulus Cloud Rule",75,22.0,9.4,2.6,27.0,57.2,83,1
6f2868b8-1000-48e5-893b-700c1371b4fb,Starlink Group 10-48,2026-03-14,Space Launch Complex 40,28.56194122,-80.57735736,Cumulus Cloud Rule,75,24.5,21.3,0.8,20.0,43.9,40,1
8701f102-a33e-450b-87b1-660679aab736,EchoStar 25,2026-03-10,Space Launch Complex 40,28.56194122,-80.57735736,,99,26.7,19.1,0.0,14.8,34.2,13,1
3f71a8a7-118f-460c-953b-984de24aba5c,Starlink Group 10-41,2026-03-02,Space Launch Complex 40,28.56194122,-80.57735736,Cumulus Cloud Rule,90,23.7,19.1,0.2,17.9,33.1,13,1
aeccc82e-4a01-46dc-a893-1d6d098973e2,Starlink Group 6-108,2026-02-27,Space Launch Complex 40,28.56194122,-80.57735736,Cumulus Cloud Rule,85,24.6,17.2,9.6,16.7,35.3,71,1
db5c6392-a8b5-4f97-8a38-cc147f086f00,Starlink Group 6-110,2026-02-24,Space Launch Complex 40,28.56194122,-80.57735736,,99,13.6,4.3,0.0,22.8,41.0,0,1
49532577-7d26-49df-ada3-12a85bb8189e,Starlink Group 6-104,2026-02-22,Space Launch Complex 40,28.56194122,-80.57735736,,99,24.9,18.3,2.2,24.2,55.8,38,1
57cc5e9e-97c2-4833-8bcd-e4e62ce63ec6,Starlink Group 10-36,2026-02-20,Space Launch Complex 40,28.56194122,-80.57735736,,99,26.8,18.5,0.0,22.4,39.6,28,1
a0ed15aa-4d23-48ac-a712-950228663b43,Starlink Group 6-103,2026-02-16,Space Launch Complex 40,28.56194122,-80.57735736,"Cumulus Cloud Rule, Surface Electric Fields Rule, Anvil Cloud Rules",20,24.8,16.1,11.1,28.5,50.8,55,0
862b54e3-7bf8-48e5-8cd1-d77257d5fde9,Crew-12,2026-02-13,Space Launch Complex 40,28.56194122,-80.57735736,"Cumulus Cloud Rule, Flight Through Precipitation",90,21.5,12.6,0.1,17.6,38.5,14,1
5d4e8970-46cd-4c5e-9b9b-391eeb0700a6,Starlink Group 6-101,2026-01-30,Space Launch Complex 40,28.56194122,-80.57735736,Thick Cloud Layers Rule,95,21.9,13.0,0.1,16.0,36.4,53,1
98f70f28-397a-4c0d-aeb2-e7f8a88e0323,GPS III SV09,2026-01-28,Space Launch Complex 40,28.56194122,-80.57735736,,99,14.3,4.9,0.0,17.3,36.0,17,1
13979f7e-c835-4813-860f-915c8ce9e784,Starlink Group 6-100,2026-01-18,Space Launch Complex 40,28.56194122,-80.57735736,"Cumulus Cloud Rule, Thick Cloud Rule, Liftoff Winds",60,25.8,12.6,2.1,40.8,86.4,55,1
1cdbe42e-22bb-470e-9107-edcc4c902ee5,NROL-105,2026-01-17,Space Launch Complex 4E,34.632,-120.611,,100,22.2,9.1,0.0,5.4,13.7,85,1
b8d9ff2b-a972-4e50-8fff-6c189dbe34cd,Starlink Group 6-98,2026-01-14,Space Launch Complex 40,28.56194122,-80.57735736,"Thick Cloud Layers Rule, Cumulus Cloud Rule",40,21.3,16.2,0.8,21.6,44.6,84,0
0fb47674-d5c3-4681-ae0a-bff4c8e43d6a,Starlink Group 6-97,2026-01-12,Space Launch Complex 40,28.56194122,-80.57735736,Cumulus Cloud Rule,85,22.1,16.6,0.0,26.5,47.9,90,1
7e36b745-9e50-43ce-9911-ee33aa540f72,Starlink Group 6-96,2026-01-09,Space Launch Complex 40,28.56194122,-80.57735736,Cumulus Cloud Rule,95,25.0,19.2,0.7,13.8,32.4,45,1
ae315ab0-ecda-4c54-99c6-0a8818f55b0d,Starlink Group 6-88,2026-01-04,Space Launch Complex 40,28.56194122,-80.57735736,"Cumulus Cloud Rule, Thick Cloud Layers Rule",70,20.7,15.4,1.1,20.5,42.5,62,1
9d12fbac-53de-4517-9191-4697fbc07dd2,Starlink Group 6-99,2025-12-17,Launch Complex 39A,28.60822681,-80.60428186,Cumulus Cloud Rule,95,22.8,19.1,0.1,17.1,41.8,71,1
49e52470-1dd4-45a9-b549-cfb417031823,Starlink Group 6-82,2025-12-15,Space Launch Complex 40,28.56194122,-80.57735736,"Liftoff Winds, Cumulus Cloud Rule",30,20.6,17.1,0.1,31.3,58.3,56,0
bea05b91-9cfa-48da-8fe0-c85c902f25ee,Starlink Group 6-90,2025-12-11,Space Launch Complex 40,28.56194122,-80.57735736,,99,18.9,11.5,0.0,18.4,37.1,22,1
c203e807-0955-4e32-abfe-d5c71cdf5c31,NROL-77,2025-12-09,Space Launch Complex 40,28.56194122,-80.57735736,,98,20.4,16.3,0.0,27.7,51.5,73,1
c1fb73cf-ad9a-4305-bd11-d61fff369afe,Starlink Group 6-92,2025-12-08,Launch Complex 39A,28.60822681,-80.60428186,Liftoff Winds,90,21.3,18.9,12.8,24.7,51.1,99,1
d1ee3587-a7f7-455c-9dc3-1624352262b4,Starlink Group 6-95,2025-12-02,Space Launch Complex 40,28.56194122,-80.57735736,"Cumulus Cloud Rule, Disturbed Weather Rule, Thick Cloud Layers Rule",80,26.2,19.7,0.8,30.2,58.3,89,1
3a22283a-4521-429c-bf45-0d53aa0fcff3,Starlink Group 6-79,2025-11-22,Space Launch Complex 40,28.56194122,-80.57735736,,99,26.8,16.8,0.0,12.0,24.8,26,1
f0554c45-3e52-43bb-95e5-73aa8fab53dd,Starlink Group 6-78,2025-11-21,Launch Complex 39A,28.60822681,-80.60428186,,99,24.8,16.6,0.0,11.1,26.6,51,1
d124e85e-ee0f-4ab2-9be6-fd31516ddee9,Starlink Group 6-94,2025-11-19,Space Launch Complex 40,28.56194122,-80.57735736,Cumulus Cloud Rule,95,26.1,15.3,0.0,9.6,23.4,12,1
a5e8c7ff-f30d-488d-8ef3-b445cbd75fd3,Sentinel-6B,2025-11-17,Space Launch Complex 4E,34.632,-120.611,,90,15.3,12.0,14.1,29.0,59.0,82,1
098173dc-9630-4954-ac95-bd0ec221074e,Starlink Group 6-85,2025-11-15,Space Launch Complex 40,28.56194122,-80.57735736,,99,24.1,15.2,0.0,13.5,23.8,14,1
fdb8c931-b1ec-441e-b0ce-75f7a8799189,Starlink Group 6-89,2025-11-15,Launch Complex 39A,28.60822681,-80.60428186,,99,23.7,15.8,0.0,13.7,24.8,2,1
a63253be-6084-4151-81db-57fe4d13b164,Starlink Group 6-87,2025-11-11,Space Launch Complex 40,28.56194122,-80.57735736,Liftoff Winds,60,14.3,6.0,0.0,32.5,66.2,85,1
9dd2d2b7-302b-4e9e-804c-aa176f606b6f,Starlink Group 6-81,2025-11-06,Space Launch Complex 40,28.56194122,-80.57735736,,99,23.6,17.8,0.6,15.5,33.1,53,1
41d2ac1b-a506-47ae-8e44-8b65f5d6f239,Bandwagon 4 (Dedicated Mid-Inclination Rideshare),2025-11-02,Space Launch Complex 40,28.56194122,-80.57735736,Cumulus Cloud Rule,95,24.3,16.2,0.0,12.8,29.9,18,1
94ec1605-bd9c-47fa-9f36-69148ee4e370,Starlink Group 10-37,2025-10-29,Space Launch Complex 40,28.56194122,-80.57735736,Cumulus Cloud Rule,95,26.2,19.6,0.0,20.5,39.2,25,1
5707ddea-8f06-4a3b-83d1-cfd8a3017637,Starlink Group 10-21,2025-10-26,Space Launch Complex 40,28.56194122,-80.57735736,Cumulus Cloud Rule,85,26.6,22.0,17.5,28.1,59.4,63,1
6ecd1d24-db6d-4144-8e1b-f6ba5ceae8be,SpainSat NG II,2025-10-24,Space Launch Complex 40,28.56194122,-80.57735736,Cumulus Cloud Rule,95,26.1,22.0,0.0,25.4,52.9,24,1
ed145de1-b768-43b5-8563-18ebc93b69b5,Starlink Group 10-17,2025-10-19,Space Launch Complex 40,28.56194122,-80.57735736,,99,26.6,19.1,1.0,19.8,43.6,32,1
02348ca1-d937-441b-86fe-5002275907db,Starlink Group 10-52,2025-10-16,Space Launch Complex 40,28.56194122,-80.57735736,Cumulus Cloud Rule,95,26.3,21.9,1.8,22.4,47.2,40,1
4b42add0-3da7-4ae7-b830-f8a1aa8dda85,SDA Tranche 1 Transport Layer C,2025-10-15,Space Launch Complex 4E,34.632,-120.611,,80,15.4,8.9,0.2,22.0,46.8,4,1
88d03398-af55-4bca-967e-bfe868a3cbf5,Amazon Leo (KF-03),2025-10-14,Space Launch Complex 40,28.56194122,-80.57735736,Cumulus Cloud Rule,95,27.1,21.3,0.3,19.2,41.8,14,1
a99bb1eb-514b-4a93-ac49-5e14f273f250,Starlink Group 10-59,2025-10-07,Space Launch Complex 40,28.56194122,-80.57735736,"Liftoff Winds, Cumulus Cloud Rule",65,28.9,25.7,0.9,27.8,55.8,26,1
c717d2b5-e39c-45a3-9f89-ce73526852eb,Starlink Group 10-15,2025-09-25,Space Launch Complex 40,28.56194122,-80.57735736,Cumulus Cloud Rule,95,30.2,23.9,5.9,13.2,32.4,52,1
689d7129-10fa-4df9-b81e-2b8fb926bbaf,IMAP & others,2025-09-24,Launch Complex 39A,28.60822681,-80.60428186,Cumulus Cloud Rule,90,29.9,24.3,0.2,13.4,35.6,40,1
161ca0fe-fef2-40a3-88f8-de777c7fc895,Starlink Group 10-27,2025-09-21,Space Launch Complex 40,28.56194122,-80.57735736,Cumulus Cloud Rule,90,29.5,25.6,0.6,17.0,38.9,29,1
09678f8e-d3e5-4e26-87c1-d9b9141c1f61,Starlink Group 10-61,2025-09-18,Space Launch Complex 40,28.56194122,-80.57735736,Cumulus Cloud Rule,65,27.5,23.7,2.6,18.0,33.5,100,1
3bfed6d5-d65e-4133-b51a-b664bbd9d006,Cygnus CRS-2 NG-23 (S.S. William “Willie” C. McCool),2025-09-14,Space Launch Complex 40,28.56194122,-80.57735736,"Cumulus Cloud Rule, Surface Electric Fields Rule, Lightning Rule",90,27.9,23.0,3.6,23.1,49.0,36,1
84a2a107-1e44-4994-ad9f-430ee81a741a,Nusantara Lima,2025-09-12,Space Launch Complex 40,28.56194122,-80.57735736,"Cumulus Cloud Rule, Surface Electric Fields Rule",45,27.5,23.2,19.3,17.5,37.1,99,0
4ed83998-e8bc-4e53-9e07-1ae931ae712f,SDA Tranche 1 Transport Layer B,2025-09-10,Space Launch Complex 4E,34.632,-120.611,,100,19.8,15.6,0.5,19.5,44.3,84,1
03ecf869-f49d-4a0a-aa25-fb4377128e52,Starlink Group 10-57,2025-09-05,Launch Complex 39A,28.60822681,-80.60428186,Cumulus Cloud Rule,70,28.6,26.1,12.1,17.2,39.6,90,1
2a799baa-899d-4a71-8701-d15df5d3d2c4,Starlink Group 10-22,2025-09-03,Space Launch Complex 40,28.56194122,-80.57735736,Cumulus Cloud Rule,70,29.0,25.4,1.2,18.8,36.7,77,1
e0427db4-5314-4766-9471-0c70859beb7a,Starlink Group 10-14,2025-08-31,Space Launch Complex 40,28.56194122,-80.57735736,"Cumulus Cloud Rule, Anvil Rule",85,30.0,23.6,5.5,13.7,32.0,54,1
a2f73993-79f6-4228-bebc-0ada6840e503,Starlink Group 10-11,2025-08-28,Launch Complex 39A,28.60822681,-80.60428186,Cumulus Cloud Rule,85,29.5,24.7,8.8,10.8,33.1,36,1
e8e93778-657c-401c-9c88-3cd4c7c45c9d,Dragon CRS-2 SpX-33,2025-08-24,Space Launch Complex 40,28.56194122,-80.57735736,"Cumulus Cloud Rule, Lightning Rule",70,30.5,24.4,2.1,20.8,44.6,78,1
2d5f2335-c3c2-4306-9dde-8ec37f348ccf,OTV-8 (X-37B) (USSF-36),2025-08-22,Launch Complex 39A,28.60822681,-80.60428186,"Cumulus Cloud Rule, Anvil Cloud Rules",90,31.7,24.4,11.6,16.1,38.5,83,1
e369a238-2746-4400-9396-62e8b7a660c5,Starlink Group 10-20,2025-08-14,Space Launch Complex 40,28.56194122,-80.57735736,Cumulus Cloud Rule,90,33.4,25.4,1.7,16.8,33.5,52,1
594ae0c5-2039-4a1a-a6be-7b0940b2ed2c,Amazon Leo (KF-02),2025-08-11,Space Launch Complex 40,28.56194122,-80.57735736,"Cumulus Cloud Rule, Anvil Rules",90,31.3,26.6,1.0,18.7,42.8,50,1
ebaf6c77-6f86-4d54-bf4e-137d0dc2c235,Starlink Group 10-30,2025-08-04,Space Launch Complex 40,28.56194122,-80.57735736,"Cumulus Cloud Rule, Anvil Cloud Rules",85,32.4,23.4,21.2,17.9,39.6,54,1
88b4b179-c4ed-4bd1-868d-ced568a2342a,Crew-11,2025-08-01,Launch Complex 39A,28.60822681,-80.60428186,"Cumulus Cloud Rule, Surface Electric Fields Rule, Ascent Corridor Recovery",40,33.8,26.3,1.2,13.2,41.4,60,0
760cea4c-78f9-4b98-83a5-231fc098c5ab,Starlink Group 10-29,2025-07-30,Space Launch Complex 40,28.56194122,-80.57735736,Cumulus Cloud Rule,90,33.8,25.5,2.5,17.0,39.2,17,1
d4eba3cb-9474-41f9-9618-a90d1c0b7025,Starlink Group 10-26,2025-07-26,Space Launch Complex 40,28.56194122,-80.57735736,Cumulus Cloud Rule,95,31.5,24.5,0.0,12.5,31.0,8,1
c1dc33ba-c9cc-4c1d-ad9f-120096f60be3,TRACERS,2025-07-23,Space Launch Complex 4E,34.632,-120.611,,99,16.2,11.3,0.0,16.6,38.9,91,1
5221eb56-ccb1-498c-a757-89e34cc099d7,O3b mPower 9-10,2025-07-22,Space Launch Complex 40,28.56194122,-80.57735736,"Cumulus Cloud Rule, Lightning Rule, Surface Electric Field Rule",60,33.0,24.6,10.6,17.1,35.6,97,1
fa8460de-5bbc-42fe-8702-47bf5dde5442,Amazon Leo (KF-01),2025-07-16,Space Launch Complex 40,28.56194122,-80.57735736,"Anvil Cloud Rules, Cumulus Cloud Rule",80,29.5,25.1,1.3,21.8,46.4,21,1
d54113f9-985e-4e40-a7e7-dbeb07b85b44,Dror-1,2025-07-13,Space Launch Complex 40,28.56194122,-80.57735736,"Cumulus Cloud Rule, Anvil Cloud Rules",80,32.8,23.6,12.7,12.7,33.5,86,1
017fa05c-4225-44f1-81f4-94a559547238,Starlink Group 10-28,2025-07-08,Space Launch Complex 40,28.56194122,-80.57735736,Cumulus Cloud Rule,95,30.9,24.2,2.0,13.5,36.0,95,1
17500639-e28a-429b-a8cb-02c3f47b3379,Starlink Group 10-25,2025-07-02,Space Launch Complex 40,28.56194122,-80.57735736,Cumulus Cloud Rule,90,29.7,23.6,4.7,16.7,38.9,90,1
a6317760-1c15-4064-8b1f-fc3f68882a77,MTG-S1,2025-07-01,Launch Complex 39A,28.60822681,-80.60428186,"Cumulus Cloud Rule, Anvil Cloud Rules, Surface Electric Fields Rule",20,30.5,22.7,4.4,15.9,37.4,44,0
6eec6708-ec59-4e83-94a9-3f861594bb0e,Starlink Group 10-34,2025-06-28,Space Launch Complex 40,28.56194122,-80.57735736,"Cumulus Cloud Rule, Surface Electric Fields Rule, Anvil Cloud Rules",60,30.6,24.4,4.8,14.7,37.1,56,1
bf1ba689-89cb-4ca5-9a10-2187cbec279b,Starlink Group 10-16,2025-06-25,Space Launch Complex 40,28.56194122,-80.57735736,Cumulus Cloud Rule,80,30.2,24.9,2.8,19.0,44.6,22,1
0805af04-c2ea-4750-9eb4-f24f89eeb5d6,Axiom Space Mission 4,2025-06-25,Launch Complex 39A,28.60822681,-80.60428186,"Cumulus Cloud Rule, Flight Through Precipitation",90,30.3,25.3,0.4,18.8,45.0,19,1
f78364d9-3c60-4c72-a410-84a499233db0,Starlink Group 10-23,2025-06-23,Space Launch Complex 40,28.56194122,-80.57735736,Cumulus Cloud Rule,90,31.9,24.8,0.1,19.1,44.3,25,1
35c0c65c-3077-45e8-a374-790f7d202ccb,Starlink Group 10-18,2025-06-18,Space Launch Complex 40,28.56194122,-80.57735736,Cumulus Cloud Rule,95,30.9,25.1,0.0,18.1,40.0,49,1
f52bce97-24cc-4ee5-9140-480c68bd65cf,Starlink Group 12-26,2025-06-13,Space Launch Complex 40,28.56194122,-80.57735736,Cumulus Cloud Rule,60,29.4,24.9,1.3,18.9,43.2,67,1
e084e9ae-5d37-4c4c-b6a9-1bc6047086f3,Starlink Group 12-24,2025-06-10,Space Launch Complex 40,28.56194122,-80.57735736,"Cumulus Cloud Rule, Surface Electric Fields Rule",95,30.3,23.8,3.5,23.0,43.2,55,1
b3f7dd08-1e48-498c-8fcb-193b8d54ed6b,Sirius SXM-10,2025-06-07,Space Launch Complex 40,28.56194122,-80.57735736,"Cumulus Cloud Rule, Anvil Cloud Rules",85,30.4,23.6,1.6,21.1,42.5,51,1
0c4546c7-80f2-4a0b-8580-f9f62767e326,Starlink Group 12-19,2025-06-03,Space Launch Complex 40,28.56194122,-80.57735736,"Cumulus Cloud Rule, Surface Electric Fields Rule",65,26.6,22.5,7.6,22.2,47.2,90,1
7abd2e55-aee8-42f5-8eb2-b44dfda45708,GPS III SV08,2025-05-30,Space Launch Complex 40,28.56194122,-80.57735736,"Cumulus Cloud Rule, Surface Electric Fields Rule",50,30.0,23.2,10.3,18.9,54.7,63,1
1c2d7f7c-20d1-4764-8be5-f5e651e6724e,Starlink Group 10-32,2025-05-28,Launch Complex 39A,28.60822681,-80.60428186,"Cumulus Cloud Rule, Anvil Cloud Rules, Surface Electric Fields Rule",80,31.5,23.6,10.6,14.6,39.6,66,1
2f3402d8-998f-4659-a5f6-ced132098d2f,Starlink Group 12-22,2025-05-24,Space Launch Complex 40,28.56194122,-80.57735736,"Cumulus Cloud Rule, Anvil Cloud Rules, Surface Electric Fields Rule",80,29.9,24.2,0.3,15.9,36.7,43,1
38782ad8-6826-4594-bcca-ddcee8ff25e4,Starlink Group 12-15,2025-05-21,Space Launch Complex 40,28.56194122,-80.57735736,Cumulus Cloud Rule,95,32.2,23.3,0.0,22.1,38.9,55,1
05eef4ad-acc0-490d-822e-ce1c98f37c11,Starlink Group 6-67,2025-05-14,Space Launch Complex 40,28.56194122,-80.57735736,Cumulus Cloud Rule,95,27.4,20.8,1.2,15.3,30.2,10,1
1166593d-ea03-42eb-b44d-80d7bd09c39a,Starlink Group 6-83,2025-05-13,Launch Complex 39A,28.60822681,-80.60428186,"Cumulus Cloud Rule, Surface Electric Field Rules",90,28.4,20.8,1.7,23.4,42.5,49,1
ebed9e27-bbd3-4c9c-a254-100ef978dd85,Starlink Group 6-91,2025-05-10,Space Launch Complex 40,28.56194122,-80.57735736,"Thick Cloud Layers Rule, Anvil Cloud Rules, Cumulus Cloud Rule",55,27.9,22.8,4.1,23.0,49.0,93,1
d5e8b971-0138-42d7-a6ba-7d43bf529d5e,Starlink Group 6-93,2025-05-07,Space Launch Complex 40,28.56194122,-80.57735736,"Anvil Cloud Rules, Cumulus Cloud Rule",85,28.8,23.8,0.4,18.6,42.8,46,1
8ffb4866-43c9-46c1-aaac-05bd37891b0a,Starlink Group 6-84,2025-05-04,Launch Complex 39A,28.60822681,-80.60428186,"Anvil Cloud Rules, Cumulus Cloud Rule, Thick Cloud Layers Rule",60,28.0,19.2,8.0,23.6,47.2,82,1
1a105ccb-e59f-48e8-b853-c424bd8cc699,Starlink Group 6-75,2025-05-02,Space Launch Complex 40,28.56194122,-80.57735736,,99,25.8,21.7,1.4,21.4,47.5,53,1
306fbca9-d41b-44fa-b6aa-f14a7e3b887d,Starlink Group 12-10,2025-04-29,Launch Complex 39A,28.60822681,-80.60428186,"Cumulus Cloud Rule, Anvil Cloud Rules",75,25.9,20.2,2.5,21.1,49.0,37,1
8bfe9ea6-71b9-4642-be1c-c87c098e480b,Starlink Group 12-23,2025-04-28,Space Launch Complex 40,28.56194122,-80.57735736,"Cumulus Cloud Rule, Anvil Cloud Rules",90,27.4,21.0,0.0,17.9,40.0,16,1
a4f7594c-1391-4cfe-9c2b-f3abc59c3eca,Starlink Group 6-74,2025-04-25,Space Launch Complex 40,28.56194122,-80.57735736,,99,27.2,22.7,0.1,17.9,41.4,42,1
affb557b-fd5d-4a27-b33e-5e37d03099e8,Bandwagon 3 (Dedicated Mid-Inclination Rideshare),2025-04-22,Space Launch Complex 40,28.56194122,-80.57735736,Cumulus Cloud Rule,95,26.2,20.7,0.0,19.4,40.0,97,1
6f25718d-40d8-4c74-be30-b70674a0dfb3,Dragon CRS-2 SpX-32,2025-04-21,Launch Complex 39A,28.60822681,-80.60428186,Cumulus Cloud Rule,95,26.4,21.3,0.0,16.3,39.2,99,1
af19169f-5738-42b4-be80-bd583293c58f,Starlink Group 6-73,2025-04-14,Space Launch Complex 40,28.56194122,-80.57735736,,99,26.0,14.0,0.0,19.6,43.2,1,1
cfe2177c-6ff0-4ccb-95d5-c8be3510ea65,Starlink Group 12-17,2025-04-13,Launch Complex 39A,28.60822681,-80.60428186,None,99,22.2,15.5,0.0,17.7,43.2,1,1
c6a16e97-3191-49af-af18-5d2111b2dd26,Starlink Group 6-72,2025-04-06,Space Launch Complex 40,28.56194122,-80.57735736,Liftoff Winds,99,27.0,23.3,0.4,30.2,60.1,34,1
8ce07863-00fd-4a90-b3e2-d1811a8f4f9d,Fram2,2025-04-01,Launch Complex 39A,28.60822681,-80.60428186,,60,27.8,19.7,0.0,16.2,37.1,61,1
a0058cfb-c868-44b6-82cb-7f4ed286b272,Starlink Group 6-80,2025-03-31,Space Launch Complex 40,28.56194122,-80.57735736,"Cumulus Cloud Rule, Surface Electric Fields Rule",65,28.7,19.2,11.4,25.4,54.0,76,1
c985cc7c-25ce-4bff-81ba-3b07334dae42,NROL-69,2025-03-24,Space Launch Complex 40,28.56194122,-80.57735736,Thick Cloud Layers Rule,90,25.7,16.7,0.1,22.4,45.0,71,1
ff04cc6f-981d-4b55-8368-3b8a59c1120e,Starlink Group 12-25,2025-03-18,Space Launch Complex 40,28.56194122,-80.57735736,Liftoff Winds,95,20.6,12.8,0.0,22.4,47.9,0,1
721a8641-458c-49ee-8442-2ef5b6fba880,Starlink Group 12-16,2025-03-15,Space Launch Complex 40,28.56194122,-80.57735736,Liftoff Winds,99,24.8,20.6,0.0,28.5,59.0,21,1
fb39ac94-5e74-4ee9-afc5-df19c4132b28,Crew-10,2025-03-14,Launch Complex 39A,28.60822681,-80.60428186,,99,23.7,16.2,2.0,13.7,33.1,40,1
f616e759-a083-442d-bd10-328ace929e9b,Starlink Group 12-21,2025-03-13,Space Launch Complex 40,28.56194122,-80.57735736,,99,23.3,13.0,0.0,17.7,36.0,10,1
800351fd-0bfb-4473-a07c-f19161976877,SPHEREx & PUNCH,2025-03-12,Space Launch Complex 4E,34.632,-120.611,,90,14.4,7.6,1.8,26.2,60.8,35,1
21fa8a9b-d2c6-4434-b510-96afb6ca1dd1,Starlink Group 12-20,2025-03-03,Space Launch Complex 40,28.56194122,-80.57735736,"Liftoff Winds, Cumulus Cloud Rule",90,21.1,16.3,2.7,23.5,43.2,43,1
ce4b7780-7875-41c8-9ab1-c731eb5c7623,Starlink Group 12-13,2025-02-27,Space Launch Complex 40,28.56194122,-80.57735736,,99,23.6,15.5,0.8,14.4,31.3,20,1
fd0fbaac-d079-4027-98b0-bcf25c15a166,Nova-C IM-2 & Others,2025-02-27,Launch Complex 39A,28.60822681,-80.60428186,,99,23.8,14.9,0.3,13.8,31.3,20,1
e97293bd-0594-428c-949d-367b5638da1b,Starlink Group 12-14,2025-02-21,Space Launch Complex 40,28.56194122,-80.57735736,Liftoff Winds,85,16.8,8.2,0.2,27.2,61.2,63,1
4571a6a4-5d5b-4126-ba16-65d4581e7d73,Starlink Group 10-12,2025-02-18,Space Launch Complex 40,28.56194122,-80.57735736,Cumulus Cloud Rule,95,22.6,14.7,0.0,14.8,33.8,39,1
8c960a9e-ff4a-4390-a331-e1928186df5f,Starlink Group 12-8,2025-02-15,Space Launch Complex 40,28.56194122,-80.57735736,"Cumulus Cloud Rule, Liftoff Winds",80,24.7,21.1,0.6,25.3,53.3,44,1
a2f29d72-f4ce-428d-b48a-fffe1780d84a,Starlink Group 12-18,2025-02-11,Space Launch Complex 40,28.56194122,-80.57735736,Cumulus Cloud Rule,95,24.1,18.3,1.5,19.5,39.6,22,1
fb0df8b6-7b94-4e49-93e0-5389755fc970,Starlink Group 12-9,2025-02-08,Space Launch Complex 40,28.56194122,-80.57735736,Cumulus Cloud Rule,99,23.6,16.9,0.0,16.0,32.4,41,1
6632587d-9290-4cee-8a9c-ef91c61a7064,WorldView Legion 5 & 6,2025-02-04,Launch Complex 39A,28.60822681,-80.60428186,None,99,23.7,18.6,0.4,12.7,29.9,90,1
028d5699-11ea-4309-9266-5f9c2372219f,Starlink Group 12-3,2025-02-04,Space Launch Complex 40,28.56194122,-80.57735736,None,95,23.6,19.1,0.2,10.9,28.8,92,1
a22c6e2c-17ec-4fe4-ad82-d7cec52011bb,SpainSat NG I,2025-01-30,Launch Complex 39A,28.60822681,-80.60428186,Thick Cloud Layers Rule,95,20.8,12.4,0.0,14.1,26.3,36,1
32e2c0d2-55ad-424f-9241-c3fd3a322a1e,Starlink Group 12-7,2025-01-27,Space Launch Complex 40,28.56194122,-80.57735736,Cumulus Cloud Rule,95,21.4,12.5,0.0,14.8,29.9,51,1
626c9bf7-261d-4acb-9031-4d80ae271678,Starlink Group 13-1,2025-01-21,Launch Complex 39A,28.60822681,-80.60428186,"Thick Cloud Layers Rule, Cumulus Cloud Rule",85,17.7,11.4,34.5,21.8,45.7,97,1
9a30d934-fa56-4fe5-81df-7c4b24386da2,Blue Ghost Lunar Lander Mission 1 & Hakuto-R M2 “Resilience”,2025-01-15,Launch Complex 39A,28.60822681,-80.60428186,"Liftoff Winds, Cumulus Cloud Rule",90,16.0,12.4,0.0,25.4,56.2,51,1
b56beca9-d106-4fde-8614-906ad04bef9a,Starlink Group 12-12,2025-01-10,Space Launch Complex 40,28.56194122,-80.57735736,None,99,19.1,9.0,0.0,25.6,45.0,11,1
0a9a511a-7ea1-4402-8555-e087f580a5c4,Thuraya 4-NGS,2025-01-04,Space Launch Complex 40,28.56194122,-80.57735736,Liftoff Winds,95,14.5,10.7,0.0,24.7,49.3,0,1
58e080d1-90cd-42ac-8152-9f56fc580f8d,Starlink Group 12-6,2024-12-31,Launch Complex 39A,28.60822681,-80.60428186,Cumulus Cloud Rule,90,25.9,18.6,0.4,23.9,50.8,35,1
33bf462e-796f-441c-bc36-206ba52bb90e,Astranis: From One to Many (4x Astranis MicroGEO),2024-12-29,Space Launch Complex 40,28.56194122,-80.57735736,Cumulus Cloud Rule,85,24.1,21.0,0.9,26.4,47.9,74,1
9ba9d2de-f94b-4cca-b395-ee83b4b46b28,Starlink Group 12-2,2024-12-23,Launch Complex 39A,28.60822681,-80.60428186,Cumulus Cloud Rule,60,20.9,16.9,0.3,25.8,49.3,58,1
8ee42a39-0851-4674-9815-95b62e9a2c4b,O3b mPower 7 & 8,2024-12-17,Launch Complex 39A,28.60822681,-80.60428186,"Cumulus Cloud Rule, Surface Electric Fields Rule",55,24.7,20.2,2.4,17.6,43.2,35,1
99570ecf-f7e4-40ec-b84a-5758425a6d99,GPS III SV07 (RRT-1),2024-12-17,Space Launch Complex 40,28.56194122,-80.57735736,Cumulus Cloud Rule,75,24.9,20.6,2.2,18.9,42.1,35,1
d1b5f507-66a9-450a-86ac-b7b86c34eee4,Starlink Group 12-5,2024-12-08,Space Launch Complex 40,28.56194122,-80.57735736,None,99,20.9,13.5,0.0,14.4,27.0,36,1
ae15ed89-63fa-4256-8b71-cb3c30e23e31,Sirius SXM-9,2024-12-05,Launch Complex 39A,28.60822681,-80.60428186,None,99,22.5,12.6,0.0,14.7,36.4,20,1
f50d89cf-7c9a-4b7e-bc6e-f7e59950995d,Starlink Group 6-70,2024-12-04,Space Launch Complex 40,28.56194122,-80.57735736,None,99,19.7,12.3,0.0,20.2,36.7,21,1
7beb2fcf-acb3-4cf1-b31b-f2655416d1ed,Starlink Group 6-65,2024-11-30,Space Launch Complex 40,28.56194122,-80.57735736,"Thick Cloud Layers Rule, Liftoff Winds",85,19.7,15.3,0.2,28.1,51.8,88,1
ffc148dc-76cc-4c5e-95b6-c2c78d6f0ba6,Starlink Group 6-76,2024-11-27,Launch Complex 39A,28.60822681,-80.60428186,None,99,26.2,14.1,0.0,14.1,31.7,12,1
0e6efb5d-045a-4f4c-a79a-f6889f1cc960,Starlink Group 12-1,2024-11-25,Space Launch Complex 40,28.56194122,-80.57735736,None,99,23.2,13.2,0.0,10.3,24.8,19,1
168b41aa-14bd-4001-a47d-bfe69c4c20e6,Starlink Group 6-66,2024-11-21,Space Launch Complex 40,28.56194122,-80.57735736,Liftoff Winds,90,23.7,16.5,0.2,23.9,46.1,30,1
a0809bf8-a2f2-48e1-92da-1d8c21180e25,GSAT-20 (GSAT-N2),2024-11-18,Space Launch Complex 40,28.56194122,-80.57735736,Cumulus Cloud Rule,99,24.7,18.9,0.0,13.0,27.0,60,1
4509981c-8f3f-41aa-8235-d08f5c79c6c0,Optus-X/TD7,2024-11-17,Launch Complex 39A,28.60822681,-80.60428186,Cumulus Cloud Rule,95,24.6,20.3,0.0,15.5,37.4,59,1
aa398317-710b-460b-837f-7fbb7f00ccfa,Starlink Group 6-68,2024-11-14,Space Launch Complex 40,28.56194122,-80.57735736,"Cumulus Cloud Rule, Thick Cloud Layers Rule",85,26.3,23.0,0.1,30.7,55.1,63,1
ce986507-bfc1-43fb-953d-3f30e7c5f48f,Starlink Group 6-69,2024-11-11,Space Launch Complex 40,28.56194122,-80.57735736,Cumulus Clouds Rule,80,27.4,23.3,0.4,22.5,32.8,48,1
a9fa3ed5-4988-4a72-b262-454e7b03ab50,Koreasat 6A,2024-11-11,Launch Complex 39A,28.60822681,-80.60428186,Cumulus Cloud Rule,70,27.1,24.0,0.0,19.3,32.0,44,1
507a6df7-1c52-464a-a003-19aad7f6113e,Starlink Group 6-77,2024-11-07,Space Launch Complex 40,28.56194122,-80.57735736,Cumulus Cloud Rule,90,27.6,25.5,0.5,27.2,40.3,98,1
f97bce95-052e-4fa9-80e8-dbedf16bc516,Dragon CRS-2 SpX-31,2024-11-05,Launch Complex 39A,28.60822681,-80.60428186,"Cumulus Cloud Rule, Liftoff Winds, Flight Through Precipitation",70,28.1,24.9,0.8,30.8,54.4,38,1
48284305-279a-4118-9ae4-e2139db038b4,Starlink Group 10-13,2024-10-30,Space Launch Complex 40,28.56194122,-80.57735736,"Liftoff Winds, Cumulus Clouds Rule",75,27.6,23.5,1.1,32.2,49.7,18,1
d20c9252-f257-48a8-8d95-443188267c57,Starlink Group 10-8,2024-10-26,Space Launch Complex 40,28.56194122,-80.57735736,Cumulus Cloud Rule,90,27.6,21.3,0.0,18.7,34.6,50,1
9048f0e1-c1b7-40f1-9555-c021b0b94283,NROL-167,2024-10-24,Space Launch Complex 4E,34.632,-120.611,,90,22.8,12.2,0.0,10.3,25.9,46,1
beb6bfff-c584-42d9-9fea-e3e82a5fd32a,Starlink Group 6-61,2024-10-23,Space Launch Complex 40,28.56194122,-80.57735736,Cumulus Cloud Rule,85,28.0,23.5,0.3,25.2,40.0,10,1
5f9fa9b2-e6f4-4e68-b4c8-2b1586cc5fba,Starlink Group 8-19,2024-10-18,Space Launch Complex 40,28.56194122,-80.57735736,Liftoff Winds,40,26.1,21.0,0.0,34.6,50.0,75,0
9d576892-dcf0-472b-92d1-37053ff549ab,Starlink Group 10-10,2024-10-15,Space Launch Complex 40,28.56194122,-80.57735736,Cumulus Cloud Rule,95,28.5,19.3,0.0,18.8,31.3,14,1
59548105-347d-4477-8747-7fc3f91016c5,Europa Clipper,2024-10-14,Launch Complex 39A,28.60822681,-80.60428186,Cumulus Cloud Rule,95,28.5,21.7,0.0,12.2,26.3,4,1
e1ffdd01-c146-44d0-a250-b845dc2eb20d,Hera,2024-10-07,Space Launch Complex 40,28.56194122,-80.57735736,"Thick Cloud Layers Rule, Cumulus Cloud Rule",60,25.5,23.9,23.7,29.0,43.9,100,1
0102940a-4a60-4686-b34d-ced3fed6c595,Crew-9,2024-09-28,Space Launch Complex 40,28.56194122,-80.57735736,"Cumulus Cloud Rule, Flight Through Precipitation, Surface Electric Fields Rule",70,30.0,25.1,6.3,25.2,42.5,77,1
b9c44ac9-e201-4042-9f08-bd517cd2e6a5,Galileo L13 (FOC FM26 & FM32),2024-09-17,Space Launch Complex 40,28.56194122,-80.57735736,"Surface Electric Fields Rule, Cumulus Cloud Rule, Anvil Cloud Rules",60,28.1,23.8,6.1,18.4,30.2,79,1
11f32024-8382-4b7a-9f75-c211820b9e2d,BlueBird Block 1,2024-09-12,Space Launch Complex 40,28.56194122,-80.57735736,"Cumulus Clouds Rule, Thick Cloud Layers Rule, Surface Electric Fields Rule",30,28.3,25.4,8.9,26.0,36.4,99,0
b69cfada-3320-4331-89e1-aaa8b49e6a9c,Polaris Dawn,2024-09-10,Launch Complex 39A,28.60822681,-80.60428186,"Thick Cloud Layers Rule, Cumulus Cloud Rule, Flight Through Precipitation",80,28.5,25.7,7.8,18.1,35.6,95,1
46ddb5ee-30ac-4d70-9cbe-0342b253ee6c,Starlink Group 8-11,2024-09-05,Space Launch Complex 40,28.56194122,-80.57735736,"Cumulus Cloud Rule, Anvil Rules",75,29.2,25.6,2.8,14.2,25.9,93,1
95bff87b-38c6-4db0-8b2f-e3952c95f383,Starlink Group 8-10,2024-08-31,Space Launch Complex 40,28.56194122,-80.57735736,Cumulus Cloud Rule,85,29.7,26.7,1.6,25.0,42.1,18,1
1458b11c-c0ed-4486-9d51-5b574db36f71,Starlink Group 10-5,2024-08-20,Space Launch Complex 40,28.56194122,-80.57735736,"Cumulus Cloud Rule , Thick Cloud Layers Rule",80,33.8,25.4,1.9,25.0,44.3,47,1
3ecc1d59-470f-49a3-9508-35f0b6797454,WorldView Legion 3 & 4,2024-08-15,Space Launch Complex 40,28.56194122,-80.57735736,Cumulus Cloud Rule,80,30.1,25.8,2.9,28.4,45.7,28,1
34aa9340-c97e-4609-a872-e2adc8d9de13,Starlink Group 10-7,2024-08-12,Launch Complex 39A,28.60822681,-80.60428186,Cumulus Cloud Rule,95,32.7,25.5,5.9,16.4,37.8,58,1
c34d9c5e-c11a-4066-84d9-d026ceaafcf3,Starlink Group 8-3,2024-08-10,Space Launch Complex 40,28.56194122,-80.57735736,Cumulus Cloud Rule,95,30.4,25.3,4.9,19.5,35.3,46,1
59426ed2-57ff-4f61-8f62-9794b6dbb9ad,Cygnus CRS-2 NG-21 (S.S. Francis R. “Dick” Scobee),2024-08-04,Space Launch Complex 40,28.56194122,-80.57735736,"Cumulus Cloud Rule, Thick Cloud Layers Rule, Surface Winds",35,28.9,26.0,15.9,42.5,64.8,98,0
172111f8-35c3-413e-9f6e-06676a462895,Starlink Group 10-6,2024-08-02,Launch Complex 39A,28.60822681,-80.60428186,Cumulus Cloud Rule,95,32.9,26.6,0.3,17.9,42.1,50,1
a059955d-baf8-436d-9a2f-e4746be5a636,Starlink Group 10-4,2024-07-28,Space Launch Complex 40,28.56194122,-80.57735736,"Thick Cloud Layers Rule, Anvil Cloud Rules , Cumulus Cloud Rule",85,29.6,26.1,2.6,13.9,26.6,99,1
0f63b33d-1a83-4eb2-8c2e-d4157bf71230,Starlink Group 10-9,2024-07-27,Launch Complex 39A,28.60822681,-80.60428186,Cumulus Cloud Rule,85,32.1,25.9,2.5,12.2,34.6,73,1
ae5db3d2-1162-41b3-8f19-697150f483a3,Türksat 6A,2024-07-08,Space Launch Complex 40,28.56194122,-80.57735736,"Cumulus Cloud Rule, Anvil Cloud Rules, Surface Electric Fields Rule",30,33.2,26.7,0.1,23.1,38.2,87,0
37d99477-d60a-486a-9fa0-3c533fe19fd9,Starlink Group 8-9,2024-07-03,Space Launch Complex 40,28.56194122,-80.57735736,Cumulus Cloud Rule,80,31.6,27.1,1.6,18.4,38.9,29,1
89961315-355e-469d-af7a-b447ea70bce9,Starlink Group 10-3,2024-06-27,Space Launch Complex 40,28.56194122,-80.57735736,Cumulus Cloud Rule,90,32.3,24.7,2.9,18.9,37.8,49,1
ad53f165-a118-43a6-ad46-6021accdaabd,GOES-U,2024-06-25,Launch Complex 39A,28.60822681,-80.60428186,"Cumulus Cloud Rule, Anvil Cloud Rules, Surface Electric Fields Rule",70,30.6,24.1,0.2,18.2,34.9,51,1
63a205d7-ea27-4fd0-9fb7-f09f744433a3,Starlink Group 10-2,2024-06-23,Space Launch Complex 40,28.56194122,-80.57735736,"Cumulus Cloud Rule, Surface Electric Fields Rule, Anvil Cloud Rules",70,28.5,24.3,12.2,23.5,37.8,72,1
e59f9e0b-fed2-4b12-a21b-ceda262bca5e,Astra 1P/SES-24,2024-06-20,Space Launch Complex 40,28.56194122,-80.57735736,"Cumulus Cloud Rule, Anvil Rules, Lightning Rule",60,29.3,23.9,3.7,30.6,47.2,71,1
86600b01-7621-4106-9ae1-d7510328c29a,Starlink Group 9-1,2024-06-19,Space Launch Complex 4E,34.632,-120.611,,90,16.3,10.3,0.0,19.4,47.5,4,1
cdc8274b-932e-48d6-9e8d-691969da4ad0,Starlink Group 10-1,2024-06-08,Space Launch Complex 40,28.56194122,-80.57735736,"Anvil Cloud Rules, Cumulus Cloud Rule, Surface Electric Fields Rule",60,32.3,24.6,0.7,23.4,38.9,11,1
587cba9a-2a6c-46c9-9b06-630a1bf86fe3,Starlink Group 8-5,2024-06-05,Space Launch Complex 40,28.56194122,-80.57735736,Cumulus Cloud Rule,95,30.2,23.8,0.1,19.9,37.1,17,1
cefe475a-fe70-4e46-9075-9c44c856975b,Starlink Group 6-64,2024-06-01,Space Launch Complex 40,28.56194122,-80.57735736,"Liftoff Winds, Cumulus Cloud Rule",90,29.0,25.3,0.0,28.9,45.7,70,1
345131f6-a96a-45e0-9b83-f11aeec8bab6,Starlink Group 6-60,2024-05-28,Space Launch Complex 40,28.56194122,-80.57735736,Cumulus Cloud Rule,90,33.2,25.1,4.5,21.7,37.8,38,1
d51da9b0-7251-4345-9708-934ba4c23c78,Starlink Group 6-63,2024-05-24,Launch Complex 39A,28.60822681,-80.60428186,Cumulus Cloud Rule,95,29.8,21.1,0.0,19.5,38.9,23,1
1e84545e-add0-42be-bcd2-c78eb2d982e5,Starlink Group 6-62,2024-05-23,Space Launch Complex 40,28.56194122,-80.57735736,Cumulus Cloud Rule,95,29.0,22.3,0.0,18.6,32.8,19,1
791ef5c4-d0f1-4a35-b362-f87aef03621d,Starlink Group 6-59,2024-05-18,Space Launch Complex 40,28.56194122,-80.57735736,"Anvil Cloud Rules, Cumulus Cloud Rule",75,33.4,24.4,2.7,15.8,31.3,78,1
67152d83-c689-4cff-8330-b42c166049c9,Starlink Group 6-58,2024-05-13,Space Launch Complex 40,28.56194122,-80.57735736,Thick Cloud Layers Rule,85,27.7,24.0,1.7,27.6,45.0,88,1
37b23feb-be70-4011-bb3b-ccf4d333edd4,Starlink Group 6-56,2024-05-08,Launch Complex 39A,28.60822681,-80.60428186,Cumulus Cloud Rule,90,31.4,22.7,0.3,25.1,46.4,11,1
40e91ca4-bcd3-43bd-b856-0236d4beca45,Starlink Group 6-57,2024-05-06,Space Launch Complex 40,28.56194122,-80.57735736,Cumulus Cloud Rule,90,27.7,23.4,0.3,22.9,40.7,54,1
638eca04-7e89-4254-8770-4ae1da538004,Starlink Group 6-55,2024-05-03,Space Launch Complex 40,28.56194122,-80.57735736,"Cumulus Cloud Rule, Attached Anvil Cloud Rule",85,27.7,22.3,0.2,21.1,38.9,19,1
242a5669-7d52-4cab-8a03-72af4aa08f12,Starlink Group 6-54,2024-04-28,Space Launch Complex 40,28.56194122,-80.57735736,"Thick Cloud Layers Rule, Cumulus Cloud Rule",80,25.3,21.4,0.0,36.1,50.8,92,1
974b4774-cda7-4373-abfc-40c1a1859cba,Galileo L12 (FOC FM25 & FM27),2024-04-28,Launch Complex 39A,28.60822681,-80.60428186,"Cumulus Cloud Rule, Thick Cloud Layers Rule, Liftoff Winds",75,25.4,21.8,0.0,31.8,56.9,93,1
63e1a1f2-c5cd-4d73-8c16-302f9d8ad72f,Starlink Group 6-53,2024-04-23,Space Launch Complex 40,28.56194122,-80.57735736,Cumulus Cloud Rule,98,24.4,18.6,0.0,34.6,55.1,51,1
b1098e0e-35c3-4cda-b0ec-01c70b0114e1,Starlink Group 6-52,2024-04-18,Space Launch Complex 40,28.56194122,-80.57735736,Thick Cloud Layers Rule,90,26.7,20.2,0.0,21.9,36.4,45,1
c42e2d5f-f869-44d2-9f70-77d6e8d8482f,Starlink Group 6-51,2024-04-17,Launch Complex 39A,28.60822681,-80.60428186,Thick Cloud Layers Rule,90,26.3,20.8,0.0,20.6,43.6,54,1
08508c47-42ea-44c8-9da6-9e2e21742994,Starlink Group 6-49,2024-04-13,Space Launch Complex 40,28.56194122,-80.57735736,Liftoff Winds,98,22.8,15.8,0.0,25.3,41.0,0,1
a2e723fe-c893-4eaa-9dd3-63533a703091,USSF-62,2024-04-11,Space Launch Complex 4E,34.632,-120.611,,95,19.9,9.2,0.0,9.9,27.0,5,1
706b81df-c365-4a6d-89f0-c52126dc91e1,Starlink Group 6-48,2024-04-10,Space Launch Complex 40,28.56194122,-80.57735736,Cumulus Cloud Rule,90,25.9,20.7,1.2,36.6,58.0,84,1
c6344720-1266-4697-90ab-943a6f1760a5,Bandwagon 1 (Dedicated Mid-Inclination Rideshare),2024-04-07,Launch Complex 39A,28.60822681,-80.60428186,Thick Cloud Layers Rule,99,21.9,17.6,0.0,21.5,41.4,43,1
d90ac995-1d5d-48d6-8339-7ab42c567449,Starlink Group 6-47,2024-04-05,Space Launch Complex 40,28.56194122,-80.57735736,"Thick Cloud Layers Rule, Liftoff Winds",90,25.1,12.8,0.0,26.4,40.7,0,1
3f61f099-5176-49f2-8e77-41c02ce80e5a,Starlink Group 6-45,2024-03-31,Space Launch Complex 40,28.56194122,-80.57735736,Thick Cloud Layers Rule,96,23.9,14.4,0.0,21.6,37.8,6,1
ba739b7f-9bdd-487c-9742-d76182af49f8,Eutelsat 36D,2024-03-30,Launch Complex 39A,28.60822681,-80.60428186,Thick Cloud Layers Rule,96,24.0,14.9,0.0,19.2,38.5,49,1
5acc8f72-bde2-4466-b64e-f580bc71ae2f,Starlink Group 6-46,2024-03-25,Space Launch Complex 40,28.56194122,-80.57735736,Cumulus Cloud Rule,95,24.2,19.6,0.5,33.5,49.3,57,1
e7b297d1-3312-4264-b802-f9d6ea11b3b2,Starlink Group 6-42,2024-03-24,Launch Complex 39A,28.60822681,-80.60428186,"Liftoff Winds, Cumulus Cloud Rule",75,22.3,17.7,3.0,33.4,62.6,26,1
604e4aa8-73f8-4f1c-bf4c-5a130625cac7,Dragon CRS-2 SpX-30,2024-03-21,Space Launch Complex 40,28.56194122,-80.57735736,"Thick Cloud Layers Rule, Cumulus Cloud Rule",90,23.9,14.2,0.0,20.0,36.4,39,1
ed3aa4cd-ebd2-4871-a541-968a1b08afb1,Starlink Group 6-43,2024-03-10,Space Launch Complex 40,28.56194122,-80.57735736,,95,25.6,19.4,3.0,27.9,42.5,81,1
42b2c850-ecee-4ec9-8496-cc304f4353f5,Starlink Group 6-41,2024-03-04,Space Launch Complex 40,28.56194122,-80.57735736,"Cumulus Cloud Rule, Anvil Cloud Rules",80,23.6,17.7,0.7,19.8,36.0,44,1
2f10c861-8c07-4af1-8873-cdba6d2566ba,Transporter 10 (Dedicated SSO Rideshare),2024-03-04,Space Launch Complex 4E,34.632,-120.611,,90,13.3,9.0,0.0,24.6,55.4,37,1
2f101902-03dd-4b23-8546-d25ea514b36f,Crew-8,2024-03-04,Launch Complex 39A,28.60822681,-80.60428186,"Flight Through Precipitation, Anvil Cloud Rule",90,22.1,18.2,1.0,18.9,38.2,44,1
a9388d6a-a9cb-440c-8dc8-647a77833fe1,Starlink Group 6-40,2024-02-29,Space Launch Complex 40,28.56194122,-80.57735736,"Cumulus Cloud Rule, Liftoff Winds",95,23.4,16.4,0.4,22.5,37.4,99,1
0c61bd06-0bd9-40a8-8be3-1d46368ae094,Starlink Group 6-39,2024-02-25,Space Launch Complex 40,28.56194122,-80.57735736,Cumulus Cloud Rule,98,19.4,10.6,0.0,23.0,32.8,0,1
ffd29f94-06b4-49f7-b5f9-b21a928e6eaa,HTS-113BT (Merah Putih 2),2024-02-20,Space Launch Complex 40,28.56194122,-80.57735736,Cumulus Cloud Rule,98,17.2,9.5,0.0,29.5,46.4,0,1
9603b3c2-da94-41c6-8012-30e990fdc999,Starlink Group 7-14,2024-02-15,Space Launch Complex 4E,34.632,-120.611,,90,16.0,9.9,3.0,12.1,28.8,89,1
942a1814-c237-41de-9970-d27bb9630f3b,Nova-C IM-1,2024-02-15,Launch Complex 39A,28.60822681,-80.60428186,Thick Cloud Layers Rule,90,21.9,12.9,0.0,17.4,34.9,64,1
d8fead19-b792-4e77-8c93-03a953958005,USSF-124,2024-02-14,Space Launch Complex 40,28.56194122,-80.57735736,Thick Cloud Layers Rule,98,19.4,12.4,0.0,21.7,38.5,23,1
3fe9e0be-183a-4e14-8193-516219fb37e4,Starlink Group 7-13,2024-02-10,Space Launch Complex 4E,34.632,-120.611,,80,13.3,6.9,0.0,27.3,55.8,13,1
549f26ed-a5f7-49fb-97a7-fb2ffa26e3e8,"PACE (Plankton, Aerosol, Cloud, ocean Ecosystem)",2024-02-08,Space Launch Complex 40,28.56194122,-80.57735736,Cumulus Cloud Rule,95,21.8,12.9,0.0,30.0,44.3,75,1
665678b9-8b91-45de-9e9c-5063622bcca1,Cygnus CRS-2 NG-20 (S.S. Patricia “Patty” Hilliard Robertson),2024-01-30,Space Launch Complex 40,28.56194122,-80.57735736,Cumulus Cloud Rule,95,19.1,10.0,0.0,18.4,27.7,12,1
da48063e-b50f-4602-adab-ad7331ee6d82,Axiom Space Mission 3,2024-01-18,Launch Complex 39A,28.60822681,-80.60428186,"Cumulus Cloud Rule, Flight Through Precipitation",80,22.6,12.6,0.4,20.5,38.9,91,1
839c1427-45db-4b88-ae41-bb666c1dd097,Starlink Group 6-37,2024-01-15,Space Launch Complex 40,28.56194122,-80.57735736,Thick Cloud Layers Rule,85,23.0,15.5,2.6,23.1,36.0,78,1
60634a63-633d-42b3-b87e-710e7e0d4282,Starlink Group 6-35,2024-01-07,Space Launch Complex 40,28.56194122,-80.57735736,Thick Cloud Layers Rule,95,21.4,14.8,0.4,23.7,36.7,81,1
1d374bef-0e4e-4b3f-b45b-25c14aaa2b0e,Ovzon-3,2024-01-03,Space Launch Complex 40,28.56194122,-80.57735736,Thick Cloud Layers Rule,90,19.9,11.2,0.0,20.6,31.0,98,1
161dbc75-e973-44f7-a346-6254aec99900,Starlink Group 7-9,2024-01-03,Space Launch Complex 4E,34.632,-120.611,Cumulus Clouds,70,13.7,10.4,7.3,32.9,72.0,49,1
d92ecdac-af22-411c-8fc8-1d4b2578cfff,Starlink Group 6-36,2023-12-29,Space Launch Complex 40,28.56194122,-80.57735736,Cumulus Cloud Rule,90,16.8,12.9,0.0,25.2,40.0,47,1
0098c032-73de-4c6f-8d73-5d68b9a12fdf,OTV-7 (X-37B) (USSF-52),2023-12-29,Launch Complex 39A,28.60822681,-80.60428186,Cumulus Cloud Rule,90,15.8,12.5,0.0,25.2,51.5,44,1
3a88fa72-ad1d-4174-99c4-926596354b2a,Starlink Group 6-32,2023-12-23,Space Launch Complex 40,28.56194122,-80.57735736,"Thick Cloud Layers Rule, Cumulus Cloud Rule",70,22.6,18.8,0.0,24.3,37.4,41,1
7e34bf07-7031-4dd7-844f-7067107489a3,Starlink Group 6-34,2023-12-19,Space Launch Complex 40,28.56194122,-80.57735736,Liftoff Winds,60,16.7,11.7,0.0,29.9,45.4,29,1
2008dbb3-a1ce-4677-ad95-abaf9773a7cf,Starlink Group 7-8,2023-12-08,Space Launch Complex 4E,34.632,-120.611,,70,16.6,9.8,0.0,32.0,70.2,12,1
b666d809-7a76-4b4d-98bd-6c471cd7e4a8,Starlink Group 6-33,2023-12-07,Space Launch Complex 40,28.56194122,-80.57735736,Liftoff Winds,95,20.0,12.3,0.0,30.3,43.9,63,1
8cf1015d-3fe5-40c4-8436-2f79c1f3ff2e,Starlink Group 6-31,2023-12-03,Space Launch Complex 40,28.56194122,-80.57735736,"Thick Cloud Layers Rule, Cumulus Cloud Rule",45,28.1,21.8,0.8,17.4,29.9,67,0
7bf22b01-938a-4b64-ad1e-d3f372f78a34,Starlink Group 6-30,2023-11-28,Space Launch Complex 40,28.56194122,-80.57735736,Thick Cloud Layers Rule,90,16.7,12.6,0.0,27.0,40.7,96,1
fe91ad95-fd2a-4a13-a7d1-842624ec6be3,Starlink Group 6-29,2023-11-22,Space Launch Complex 40,28.56194122,-80.57735736,Thick Cloud Layers Rule,90,27.6,20.9,1.0,26.0,41.0,95,1
dc5c0513-9c1e-416d-8675-6e83187a4c07,Starlink Group 6-28,2023-11-18,Space Launch Complex 40,28.56194122,-80.57735736,"Liftoff Winds, Cumulus Cloud Rule",60,23.4,20.2,0.8,34.3,51.1,63,1
0be2e9d6-50d5-49dc-b56c-a919b7e0dfd8,O3b mPower 5 & 6,2023-11-12,Space Launch Complex 40,28.56194122,-80.57735736,Cumulus Cloud Rule,70,25.8,22.8,1.0,31.6,48.6,86,1
63076c5e-d16c-4f16-a6ac-2709fd5fab01,Dragon CRS-2 SpX-29,2023-11-10,Launch Complex 39A,28.60822681,-80.60428186,Cumulus Cloud Rule,100,27.0,20.8,1.8,14.2,25.9,37,1
6159729f-70fd-4817-9223-b250dca18f5f,Starlink Group 6-27,2023-11-08,Space Launch Complex 40,28.56194122,-80.57735736,Cumulus Cloud Rule,98,26.7,18.2,0.0,16.6,30.6,20,1
48f71d70-4df8-4b8d-a3c5-8b5f08ab9858,Starlink Group 6-26,2023-11-04,Space Launch Complex 40,28.56194122,-80.57735736,"Cumulus Cloud Rule, Liftoff Winds",80,24.6,21.5,0.0,40.2,60.8,41,1
ec6b5681-566f-465e-a164-97cfe48b6172,Starlink Group 6-25,2023-10-30,Space Launch Complex 40,28.56194122,-80.57735736,Cumulus Cloud Rule,95,28.3,23.1,0.0,20.5,32.4,19,1
b46768df-d372-489f-9419-ff4f0057e025,Starlink Group 6-24,2023-10-22,Space Launch Complex 40,28.56194122,-80.57735736,Liftoff Winds,95,28.0,17.5,0.0,13.6,24.1,67,1
396524c2-aecc-4dca-9b82-e4a3e1c01ee5,Starlink Group 6-23,2023-10-18,Space Launch Complex 40,28.56194122,-80.57735736,Cumulus Cloud Rule,95,24.9,16.4,0.0,22.3,38.2,24,1
2da96504-8be7-4feb-bd8f-8aed5229a342,Starlink Group 6-22,2023-10-13,Space Launch Complex 40,28.56194122,-80.57735736,"Cumulus Cloud Rule, Thick Cloud Layers Rule",60,28.6,25.1,11.5,23.0,34.6,82,1
66133437-db31-4098-8e3e-cf34c8125f9b,Psyche,2023-10-13,Launch Complex 39A,28.60822681,-80.60428186,"Anvil Cloud Rules, Thick Cloud Layers Rule, Cumulus Cloud Rule",85,29.9,24.9,2.8,17.1,39.6,74,1
16c2eec5-df98-4f84-8bf1-813f5fccf3f0,Starlink Group 6-21,2023-10-05,Space Launch Complex 40,28.56194122,-80.57735736,"Cumulus Cloud Rule, Liftoff Winds",50,28.3,24.7,0.9,26.4,40.0,26,1
1c75cf8f-7097-46cc-9fe3-28c4886df4a6,Starlink Group 6-19,2023-09-30,Space Launch Complex 40,28.56194122,-80.57735736,"Anvil Cloud Rules, Cumulus Cloud Rule, Surface Electric Fields Rule",40,27.4,24.7,14.4,18.3,29.9,85,0
1c099ba2-9b8f-4364-8ba0-0c26f7993dd5,Starlink Group 6-18,2023-09-24,Space Launch Complex 40,28.56194122,-80.57735736,Cumulus Cloud Rule,95,30.0,22.3,0.0,13.6,28.8,95,1
7fc31961-b46f-4a45-9b1d-3caece884f61,Starlink Group 6-17,2023-09-20,Space Launch Complex 40,28.56194122,-80.57735736,Cumulus Cloud Rule,60,29.0,24.3,1.0,19.5,33.5,69,1
470bac70-cd8c-45fd-9a54-08f8f8f05049,Starlink Group 6-16,2023-09-16,Space Launch Complex 40,28.56194122,-80.57735736,"Cumulus Cloud Rule, Anvil Rules",65,28.5,24.9,17.2,18.1,29.2,55,1
4fcf9157-faa0-4d63-8853-c9454f75f864,Starlink Group 6-14,2023-09-09,Space Launch Complex 40,28.56194122,-80.57735736,"Anvil Cloud Rules, Surface Electric Fields Rule, Cumulus Cloud Rule",85,29.2,22.7,1.9,18.1,37.4,27,1
f66687a3-d1f2-427d-8fe1-0454dc1fe9bd,Starlink Group 6-12,2023-09-04,Launch Complex 39A,28.60822681,-80.60428186,Cumulus Cloud Rule,90,30.2,26.6,0.0,17.2,36.7,35,1
83dccf61-8e2a-4492-8784-d67252e0ff53,Starlink Group 6-13,2023-09-01,Space Launch Complex 40,28.56194122,-80.57735736,"Surface Electric Fields Rule, Cumulus Cloud Rule, Anvil Cloud Rules",20,29.9,25.4,7.4,19.5,30.2,71,0
87fba73c-f085-4abf-830d-fae92c599977,Starlink Group 6-11,2023-08-27,Space Launch Complex 40,28.56194122,-80.57735736,Cumulus Cloud Rule,95,31.1,26.7,1.9,23.4,43.2,36,1
1caacff9-837e-493b-afd4-4da54eeccdf2,Crew-7,2023-08-26,Launch Complex 39A,28.60822681,-80.60428186,Cumulus Cloud Rule,95,31.2,26.2,0.0,19.4,38.5,1,1
09642682-60f3-4470-a802-18788601c5a5,Starlink Group 6-10,2023-08-17,Space Launch Complex 40,28.56194122,-80.57735736,"Anvil Cloud Rules, Surface Electric Fields Rule, Cumulus Cloud Rule",90,31.2,24.9,18.6,28.5,45.7,94,1
12e9acca-5aee-4751-9083-5e205d9528c8,Starlink Group 6-9,2023-08-11,Space Launch Complex 40,28.56194122,-80.57735736,"Anvil Cloud Rule, Cumulus Cloud Rule",90,33.0,26.6,0.1,27.1,40.7,67,1
ce0089c7-c61c-46a2-a9c1-10f2d6d066f0,Starlink Group 6-8,2023-08-07,Space Launch Complex 40,28.56194122,-80.57735736,"Cumulus Cloud Rule, Anvil Cloud Rules, Surface Electric Fields Rule",80,33.8,27.0,1.1,16.1,33.8,45,1
afc772a3-6ea7-4550-a4e9-35c70c22ebba,Galaxy 37,2023-08-03,Space Launch Complex 40,28.56194122,-80.57735736,"Anvil Cloud Rules, Cumulus Cloud Rule",90,31.8,27.3,1.8,17.9,33.1,77,1
72491a20-315d-4aea-b6df-d1202930bd60,EchoStar 24/Jupiter-3,2023-07-29,Launch Complex 39A,28.60822681,-80.60428186,"Cumulus Cloud Rule, Thick Cloud Layers Rule, Anvil Cloud Rules",65,30.6,25.6,5.3,13.7,32.0,79,1
ce5f4f47-c54d-4014-84f2-17a556892420,Starlink Group 6-7,2023-07-28,Space Launch Complex 40,28.56194122,-80.57735736,"Cumulus Cloud Rule, Thick Cloud Layers Rule, Anvil Cloud Rules",40,29.1,24.5,1.8,21.3,36.0,95,0
c407b340-49e6-447a-b872-8441618f0ec7,Starlink Group 6-6,2023-07-24,Space Launch Complex 40,28.56194122,-80.57735736,"Cumulus Cloud Rule, Anvil Cloud Rule, Surface Electric Fields Rule",75,30.6,25.1,19.5,16.3,32.8,55,1
885ceb2a-bdf3-427b-9e98-ecfbd04d4e01,Starlink Group 5-15,2023-07-16,Space Launch Complex 40,28.56194122,-80.57735736,"Anvil Cloud Rules, Cumulus Cloud Rule",85,29.8,25.4,6.6,21.0,34.6,94,1
6f4ed2b9-918d-44e3-a8a9-cfdafc8cf8ce,Starlink Group 6-5,2023-07-10,Space Launch Complex 40,28.56194122,-80.57735736,"Anvil Cloud Rules, Surface Electric Fields Rule, Cumulus Cloud Rule",90,33.0,25.1,8.5,16.9,33.8,89,1
49d20d1b-18dd-4da6-a061-eacd0156fcc4,Euclid,2023-07-01,Space Launch Complex 40,28.56194122,-80.57735736,Cumulus Cloud Rule,90,31.1,25.5,0.0,21.4,39.6,40,1
168f4cf5-35e9-4e4c-90c3-61f1dcd6975e,Starlink Group 5-12,2023-06-23,Space Launch Complex 40,28.56194122,-80.57735736,,40,28.3,23.7,14.9,16.3,31.0,99,0
76e42f7b-6690-41be-95c1-811aab0ccf32,Satria-1,2023-06-18,Space Launch Complex 40,28.56194122,-80.57735736,"Cumulus and Anvil Cloud Rules, Surface Electric Fields Rule",60,30.1,21.8,21.5,24.3,40.3,75,1
5eba4955-6292-4a62-bc07-07443ff4baaa,Starlink Group 5-11,2023-06-12,Space Launch Complex 40,28.56194122,-80.57735736,Cumulus Cloud Rule,90,32.7,23.8,2.0,26.6,50.8,28,1
e53eecd6-184d-440a-955a-70fe0fdccbd6,Dragon CRS-2 SpX-28,2023-06-05,Launch Complex 39A,28.60822681,-80.60428186,,80,26.4,22.8,1.2,27.7,47.9,57,1
066250e1-a3fe-4483-88d7-8b80c7251a5f,Starlink Group 6-4,2023-06-04,Space Launch Complex 40,28.56194122,-80.57735736,,90,26.4,21.4,6.3,25.6,46.4,49,1
d5a80dcc-105b-445f-a8c4-394d7c7825ed,BADR-8,2023-05-27,Space Launch Complex 40,28.56194122,-80.57735736,,30,27.3,20.9,0.2,34.8,56.5,54,0
0297d3dc-0513-450a-babc-6f3da8e8c181,Axiom Space Mission 2,2023-05-21,Launch Complex 39A,28.60822681,-80.60428186,,60,27.8,22.7,1.1,14.4,28.8,69,1
0962fe02-4a3d-4131-8bc5-ee7bd2bc97fa,Starlink Group 6-3,2023-05-19,Space Launch Complex 40,28.56194122,-80.57735736,,60,28.2,22.0,5.2,16.2,35.3,44,1
f5a3eb4c-9eb5-4e28-acfb-7903a9e11371,Starlink Group 5-9,2023-05-14,Space Launch Complex 40,28.56194122,-80.57735736,,95,28.1,22.7,0.0,14.2,31.7,59,1
16e0f780-7d6d-46bc-a0d4-cb23368e3501,Starlink Group 5-6,2023-05-04,Space Launch Complex 40,28.56194122,-80.57735736,,95,26.5,18.0,0.0,20.3,33.8,3,1
8b1067dd-81c6-4bc3-b0f1-45f78963716f,ViaSat-3 F1 (ViaSat-3 Americas) & others,2023-05-01,Launch Complex 39A,28.60822681,-80.60428186,,95,27.6,18.5,0.0,27.0,45.0,1,1
ff9b6a09-2b5a-4ca3-934e-c86db21b7a1b,O3b mPower 3 & 4,2023-04-28,Space Launch Complex 40,28.56194122,-80.57735736,,70,26.2,20.8,54.3,26.5,50.8,93,1
8e4e1804-6ba8-486b-bbbb-e4d9f15c3376,Starlink Group 6-2,2023-04-19,Space Launch Complex 40,28.56194122,-80.57735736,,80,25.1,18.4,0.0,21.0,39.2,71,1
d8bd2b25-129b-4ab7-95d9-fb8ad1fdd73e,Transporter 7 (Dedicated SSO Rideshare),2023-04-15,Space Launch Complex 4E,34.632,-120.611,,99,13.3,8.3,0.0,18.9,47.9,33,1
89931acb-0ffe-42b6-8f59-e339d17a1d77,Intelsat 40e,2023-04-07,Space Launch Complex 40,28.56194122,-80.57735736,,90,27.3,23.0,1.4,21.4,40.7,76,1
0705d82e-11b4-4e78-9075-457987f9f32f,SDA Tranche 0A,2023-04-02,Space Launch Complex 4E,34.632,-120.611,,90,13.7,9.8,0.0,25.8,61.9,1,1
324cb054-c704-4c65-83af-2d5221d5e82a,Starlink Group 5-10,2023-03-29,Space Launch Complex 40,28.56194122,-80.57735736,,60,24.8,19.1,2.7,27.0,49.7,97,1
393eb981-7952-44e5-bfbb-59410db0ef94,Starlink Group 5-5,2023-03-24,Space Launch Complex 40,28.56194122,-80.57735736,,99,26.5,18.1,0.0,25.6,45.7,0,1
bd1d5c2b-5a73-4557-9b92-c16b916c8bbd,SES-18 & SES-19,2023-03-17,Space Launch Complex 40,28.56194122,-80.57735736,,80,26.1,17.6,0.0,34.0,60.8,11,1
9a0216fd-811b-4e20-be0a-98e6c54859e4,Dragon CRS-2 SpX-27,2023-03-15,Launch Complex 39A,28.60822681,-80.60428186,,80,18.2,15.4,0.0,26.2,46.8,85,1
7d6982f5-d7e3-4d10-9655-0e83999d81a6,OneWeb 17,2023-03-09,Space Launch Complex 40,28.56194122,-80.57735736,,95,23.2,18.9,0.0,22.8,41.8,22,1
bc325945-4bee-4412-84e1-14998b2eba5f,Crew-6,2023-03-02,Launch Complex 39A,28.60822681,-80.60428186,,95,28.7,17.8,0.0,24.5,42.1,27,1
62588687-1153-4c69-8ea0-e6c5e0a9877e,Starlink Group 6-1,2023-02-27,Space Launch Complex 40,28.56194122,-80.57735736,,95,29.2,17.0,0.0,22.5,41.8,10,1
d6e60f3b-21d0-44f9-be02-fe0c00289b6a,Inmarsat-6 F2,2023-02-18,Space Launch Complex 40,28.56194122,-80.57735736,,75,26.9,15.0,1.6,33.6,57.6,53,1
3bd674c9-b689-40c4-bfe2-844c71e40844,Starlink Group 5-4,2023-02-12,Space Launch Complex 40,28.56194122,-80.57735736,,20,24.1,16.6,1.5,41.6,77.8,64,0
59449fa1-f709-40c0-bcad-f669b3ee48b4,Amazonas Nexus,2023-02-07,Space Launch Complex 40,28.56194122,-80.57735736,,95,21.9,16.2,0.0,19.6,36.4,30,1
072f9f30-3114-4e90-81c7-8111d7d9ae20,Starlink Group 5-3,2023-02-02,Launch Complex 39A,28.60822681,-80.60428186,,95,23.8,18.2,0.0,13.4,23.4,29,1
8e6946a2-43d0-4804-b3de-f937966f8425,Starlink Group 5-2,2023-01-26,Space Launch Complex 40,28.56194122,-80.57735736,,70,24.2,17.0,3.0,23.3,41.4,49,1
050eecbc-ebfc-4656-9fee-1dbc5e5c59a4,Starlink Group 2-4,2023-01-19,Space Launch Complex 4E,34.632,-120.611,,60,12.4,7.1,0.4,28.7,66.2,50,1
572dbb78-06f5-47dd-be8c-593967333d81,GPS III SV06,2023-01-18,Space Launch Complex 40,28.56194122,-80.57735736,,95,22.4,11.2,0.0,14.6,26.6,44,1
571bf2c1-59eb-4079-b785-0472324d3a2d,USSF-67,2023-01-15,Launch Complex 39A,28.60822681,-80.60428186,,95,12.3,5.8,0.0,23.1,39.6,2,1
d0132d83-687d-44e5-8406-1b639a0906c9,OneWeb 16,2023-01-10,Space Launch Complex 40,28.56194122,-80.57735736,,95,22.2,15.9,0.0,13.7,28.1,71,1
fc0b222b-f55e-40d1-8f04-2a8885f9f075,Transporter 6 (Dedicated SSO Rideshare),2023-01-03,Space Launch Complex 40,28.56194122,-80.57735736,,90,24.2,20.0,0.0,21.6,38.2,23,1
fbd69a52-ede3-420f-8148-ffb251f6be94,EROS-C3,2022-12-30,Space Launch Complex 4E,34.632,-120.611,,70,15.4,12.3,2.0,12.8,32.4,99,1
d955a829-0222-41d8-8f69-ee1d5f851b93,Starlink Group 5-1,2022-12-28,Space Launch Complex 40,28.56194122,-80.57735736,,95,21.0,12.9,0.0,19.1,33.8,1,1
bf91b6d9-f517-4198-843c-dc82dfa6f9b0,Starlink Group 4-37,2022-12-17,Launch Complex 39A,28.60822681,-80.60428186,,60,19.7,15.2,0.0,14.6,27.4,43,1
7105c4f4-7427-4f9a-a959-a8ecedd6062b,O3b mPower 1 & 2,2022-12-16,Space Launch Complex 40,28.56194122,-80.57735736,,95,21.3,15.7,6.1,25.3,41.0,81,1
8226d219-b612-4797-a9d2-c5ca7ab0b076,SWOT (Surface Water and Ocean Topography),2022-12-16,Space Launch Complex 4E,34.632,-120.611,,100,15.4,8.3,0.0,6.6,16.9,95,1
03d55128-630b-4630-b3b1-2d9bf34946a8,OneWeb 15,2022-12-08,Launch Complex 39A,28.60822681,-80.60428186,,95,23.4,20.2,0.0,13.7,25.9,13,1
8b360e14-f90d-4a34-9a81-cb5a5ac364c1,Dragon CRS-2 SpX-26,2022-11-26,Launch Complex 39A,28.60822681,-80.60428186,,90,24.2,20.3,0.2,16.0,27.4,90,1
d39b1374-21d3-467a-967d-f22a2cc199e3,Eutelsat 10B,2022-11-23,Space Launch Complex 40,28.56194122,-80.57735736,,10,23.5,21.1,1.6,26.0,44.3,93,0
409f94d5-f3ef-4e33-b639-5c8e66a506fc,Galaxy 31 & 32,2022-11-12,Space Launch Complex 40,28.56194122,-80.57735736,,90,27.0,20.8,0.8,13.7,27.0,21,1
baf2eb66-6cfc-48bb-9ced-85c40218abf1,Hotbird 13G,2022-11-03,Space Launch Complex 40,28.56194122,-80.57735736,,90,26.4,22.7,3.1,25.3,45.4,37,1
aa88b853-9e04-4a28-9433-d87799331b1b,USSF-44,2022-11-01,Launch Complex 39A,28.60822681,-80.60428186,,95,25.7,22.8,0.3,14.2,28.4,32,1
adcb0090-6f97-40c2-821f-104b5ed3e9c7,Starlink Group 4-36,2022-10-20,Space Launch Complex 40,28.56194122,-80.57735736,,95,22.7,17.3,0.0,21.4,37.4,56,1
13977bd5-45d2-4ed1-9a4a-9fefeee0723a,Hotbird 13F,2022-10-15,Space Launch Complex 40,28.56194122,-80.57735736,,90,28.5,22.4,3.7,23.6,43.6,46,1
03ee73b8-a553-4575-8dfa-d0da4e7939e9,Galaxy 33 & 34,2022-10-08,Space Launch Complex 40,28.56194122,-80.57735736,,90,27.5,19.9,0.0,17.8,34.6,5,1
f33d5ece-e825-4cd8-809f-1d4c72a2e0d3,Crew-5,2022-10-05,Launch Complex 39A,28.60822681,-80.60428186,,95,24.6,22.0,0.0,24.3,40.3,25,1
1c903b65-6667-4fd5-944d-296c5f13e01f,Starlink Group 4-35,2022-09-24,Space Launch Complex 40,28.56194122,-80.57735736,,80,29.0,25.8,0.3,22.2,36.4,33,1
9ba04064-c329-40bf-b477-ff468d7d8058,Starlink Group 4-34,2022-09-19,Space Launch Complex 40,28.56194122,-80.57735736,,80,28.5,23.4,7.6,10.6,24.1,51,1
992823ad-f843-4a4a-beca-882b8ce8773a,Starlink Group 4-2 & BlueWalker 3,2022-09-11,Launch Complex 39A,28.60822681,-80.60428186,,60,30.1,25.5,4.2,11.9,22.0,86,1
84bf3b54-96ca-4ac4-bbaf-e25ed03e831c,Starlink Group 4-20 & Varuna-TDM,2022-09-05,Space Launch Complex 40,28.56194122,-80.57735736,,80,32.5,25.7,0.0,16.6,30.2,80,1
67158b3c-201d-4450-be8a-990010c05b40,Starlink Group 4-23,2022-08-28,Space Launch Complex 40,28.56194122,-80.57735736,,60,28.0,24.4,14.0,15.8,28.1,91,1
4a114237-e8c5-4248-8d30-7a9026b86430,Starlink Group 4-27,2022-08-19,Space Launch Complex 40,28.56194122,-80.57735736,,70,29.8,24.4,3.4,12.5,28.8,57,1
4f2c5733-5019-4f7a-8403-15a1a270bf96,Starlink Group 3-3,2022-08-12,Space Launch Complex 4E,34.632,-120.611,,80,19.0,13.0,0.0,22.6,54.4,75,1
a6b9deb4-f78d-4b57-8e47-98c5aea99d9e,Starlink Group 4-26,2022-08-10,Launch Complex 39A,28.60822681,-80.60428186,,70,31.1,26.2,0.2,20.7,37.1,52,1
75d7306e-1d76-4c0b-9dc4-98dee7b9af59,Danuri (KPLO - Korean Pathfinder Lunar Orbiter),2022-08-04,Space Launch Complex 40,28.56194122,-80.57735736,,80,32.4,26.3,0.0,20.3,41.4,12,1
4ddf282b-94a1-418e-b3f6-7d8e753fdfec,Starlink Group 4-25,2022-07-24,Launch Complex 39A,28.60822681,-80.60428186,,90,30.3,24.6,2.1,17.4,32.4,82,1
b3d0dafc-9b12-4c35-8ceb-3fa21802236f,Starlink Group 3-2,2022-07-22,Space Launch Complex 4E,34.632,-120.611,,80,17.5,11.3,0.0,21.2,54.7,82,1
84f9bbdd-0e2c-468e-b1d0-73d640745c13,Starlink Group 4-22,2022-07-17,Space Launch Complex 40,28.56194122,-80.57735736,,60,28.6,23.9,29.0,19.1,34.2,96,1
2773613e-58eb-4b99-8120-595c92aa3390,Dragon CRS-2 SpX-25,2022-07-15,Launch Complex 39A,28.60822681,-80.60428186,,70,30.2,23.3,8.6,23.7,45.7,57,1
051c4c90-a89d-4a86-a77f-c7e22b9cb458,Starlink Group 3-1,2022-07-11,Space Launch Complex 4E,34.632,-120.611,,90,17.3,11.5,0.0,18.3,51.5,93,1
ac4ce8e1-fd76-4654-8809-5500ba792a8a,Starlink Group 4-21,2022-07-07,Space Launch Complex 40,28.56194122,-80.57735736,,80,31.4,25.1,1.3,21.8,37.8,71,1
86a3010e-f8ef-4b64-a029-f4f92829772d,SES-22,2022-06-29,Space Launch Complex 40,28.56194122,-80.57735736,,80,29.7,25.7,1.0,21.1,35.6,58,1
33223258-614c-449c-8af7-a9f75cc036b2,Globalstar-2 FM15 & USA 328-331,2022-06-19,Space Launch Complex 40,28.56194122,-80.57735736,,60,31.3,23.4,3.8,22.0,40.7,88,1
179789f0-9380-4182-8ea2-676504c2f890,Starlink Group 4-19,2022-06-17,Launch Complex 39A,28.60822681,-80.60428186,,90,29.3,24.6,0.5,15.9,31.7,19,1
62fb58f6-1d43-4b24-862f-6ac5bee5f723,Nilesat-301,2022-06-08,Space Launch Complex 40,28.56194122,-80.57735736,,80,29.3,23.3,1.6,16.0,31.7,41,1
949421ac-3802-499b-b383-d8274de7e147,Transporter 5 (Dedicated SSO Rideshare),2022-05-25,Space Launch Complex 40,28.56194122,-80.57735736,,90,29.4,25.6,0.0,26.0,49.0,76,1
27795b91-eb0e-43f1-898b-a23d9ff332db,Starlink Group 4-18,2022-05-18,Launch Complex 39A,28.60822681,-80.60428186,,80,28.7,21.9,0.3,18.3,34.2,28,1
b418d984-a9d1-4fa3-953d-c684a079714c,Starlink Group 4-15,2022-05-14,Space Launch Complex 40,28.56194122,-80.57735736,,80,27.8,20.0,0.5,16.7,34.6,48,1
0bc91464-1d61-4545-95c8-01040dc5eec9,Starlink Group 4-13,2022-05-13,Space Launch Complex 4E,34.632,-120.611,,40,23.6,9.9,0.0,26.4,67.3,0,0
4f25c927-6a49-4472-814f-4f1a20d93604,Starlink Group 4-17,2022-05-06,Launch Complex 39A,28.60822681,-80.60428186,,95,32.5,23.0,0.1,20.4,35.3,69,1
b79a9332-4c0c-42a2-a59b-aafcd5d4721d,Starlink Group 4-16,2022-04-29,Space Launch Complex 40,28.56194122,-80.57735736,,90,26.1,22.0,0.0,27.6,50.0,28,1
d786d8fc-862b-45bf-8f7b-9ad862883f67,Crew-4,2022-04-27,Launch Complex 39A,28.60822681,-80.60428186,,90,27.9,20.5,0.7,14.9,31.3,49,1
2c5447d7-36c5-40fd-88de-47ed6b258bdb,Starlink Group 4-14,2022-04-21,Space Launch Complex 40,28.56194122,-80.57735736,,70,24.6,21.1,0.5,28.7,52.9,61,1
42932355-c450-4250-a885-2d2709fd7cfc,NROL-85,2022-04-17,Space Launch Complex 4E,34.632,-120.611,,100,13.2,8.9,0.0,21.6,53.3,52,1
a3eeb03b-a209-4255-91b5-772dc0d2150e,Axiom Space Mission 1,2022-04-08,Launch Complex 39A,28.60822681,-80.60428186,,90,24.1,17.6,0.0,32.1,54.4,49,1
335acce9-a35c-436c-9a22-a2505f20957f,Transporter 4 (Dedicated SSO Rideshare),2022-04-01,Space Launch Complex 40,28.56194122,-80.57735736,,60,24.9,20.9,51.5,36.4,60.5,100,1
72188aca-810d-40b9-887d-43040614dd2c,Starlink Group 4-12,2022-03-19,Space Launch Complex 40,28.56194122,-80.57735736,,70,25.8,19.8,13.1,27.2,47.5,51,1
d8c7fbe0-6a32-42dc-8c24-f1c632adc8b5,Starlink Group 4-10,2022-03-09,Space Launch Complex 40,28.56194122,-80.57735736,,95,28.0,21.7,3.8,32.7,54.0,50,1
861795c5-e694-4d3e-b22f-a356a31cd5d8,Starlink Group 4-9,2022-03-03,Launch Complex 39A,28.60822681,-80.60428186,,90,22.4,16.3,0.0,15.9,29.2,7,1
398e713f-5daa-4fb9-a70a-0b8654baf5d1,Starlink Group 4-8,2022-02-21,Space Launch Complex 40,28.56194122,-80.57735736,,90,24.9,17.1,0.1,23.9,45.4,11,1
de39dd1a-0f72-4afd-a6b9-1b848b246071,Starlink Group 4-7,2022-02-03,Launch Complex 39A,28.60822681,-80.60428186,,80,23.5,17.7,0.0,26.3,45.0,62,1
23229c2b-abb7-4b94-b624-981a9adc88d2,CSG-2,2022-01-31,Space Launch Complex 40,28.56194122,-80.57735736,,95,17.4,4.9,0.0,11.6,21.6,2,1
50ac28f2-024f-442f-837d-dab8107304ec,Starlink Group 4-6,2022-01-19,Launch Complex 39A,28.60822681,-80.60428186,,95,21.4,10.5,0.0,14.2,27.0,39,1
c660df6f-7e33-4c90-a0f5-b27c8cb4c974,Transporter 3 (Dedicated SSO Rideshare),2022-01-13,Space Launch Complex 40,28.56194122,-80.57735736,,70,22.5,16.3,0.3,19.8,35.6,61,1
3ddb1934-2b57-489b-b5d2-31d4990604eb,Starlink Group 4-5,2022-01-06,Launch Complex 39A,28.60822681,-80.60428186,,80,21.3,14.9,0.3,20.1,36.7,52,1
878ba32c-5e93-4d2b-95c3-24b60c8b05e7,Dragon CRS-2 SpX-24,2021-12-21,Launch Complex 39A,28.60822681,-80.60428186,,30,21.7,19.8,41.2,36.1,60.1,96,0
16d0c02e-0bb1-45d5-a3f5-7c4ff6cf6de1,Türksat 5B,2021-12-19,Space Launch Complex 40,28.56194122,-80.57735736,,80,27.6,20.8,3.4,20.7,37.8,84,1
dfb2cc3b-8cd8-41b6-a83a-22b2a742ba4b,IXPE,2021-12-09,Launch Complex 39A,28.60822681,-80.60428186,,90,24.6,19.1,0.0,25.0,41.4,45,1
56db9abd-41b8-41a3-9d6d-88e52460682b,Starlink Group 4-3,2021-12-02,Space Launch Complex 40,28.56194122,-80.57735736,,95,21.1,15.3,0.0,20.3,39.2,2,1
c4b2f90e-3385-4cbe-a89f-fc5f57da1bfb,Double Asteroid Redirection Test (DART),2021-11-24,Space Launch Complex 4E,34.632,-120.611,,90,19.3,11.4,0.0,20.8,46.1,31,1
e4200e5c-2726-43f2-8439-36bd1be59821,Starlink Group 4-1,2021-11-13,Space Launch Complex 40,28.56194122,-80.57735736,,80,26.6,18.2,0.5,24.1,42.1,76,1
0d779392-1a36-4c1e-b0b8-ec11e3031ee6,Crew-3,2021-11-11,Launch Complex 39A,28.60822681,-80.60428186,,70,26.4,19.7,0.3,18.5,32.4,82,1
621d64e6-0513-45dc-8ffa-c9fd56518398,Inspiration4,2021-09-16,Launch Complex 39A,28.60822681,-80.60428186,,90,29.9,24.0,0.2,17.3,30.6,89,1
13386512-85bb-4c93-a9b0-f5eac05fbe4f,Dragon CRS-2 SpX-23,2021-08-29,Launch Complex 39A,28.60822681,-80.60428186,,80,29.5,26.4,1.1,19.6,37.1,77,1
5d248abe-17ef-43ce-9c04-aef33af40520,Transporter 2 (Dedicated SSO Rideshare),2021-06-30,Space Launch Complex 40,28.56194122,-80.57735736,,70,27.2,24.3,9.0,22.6,42.5,94,1
110c808a-a091-47ab-8532-4fa058c1de7a,GPS III SV05,2021-06-17,Space Launch Complex 40,28.56194122,-80.57735736,,90,28.5,22.9,0.9,24.6,41.4,99,1
edaf9a8d-d67c-4e0e-8452-a37b111581d5,SXM-8,2021-06-06,Space Launch Complex 40,28.56194122,-80.57735736,,70,28.9,25.4,1.0,26.5,50.0,81,1
89a150ea-6e4b-489f-853c-3603ae684611,Dragon CRS-2 SpX-22,2021-06-03,Launch Complex 39A,28.60822681,-80.60428186,,60,27.9,23.7,4.8,24.6,45.0,87,1
fb25ecf0-fb51-4b5e-b678-105f6ba4c06e,Starlink 28,2021-05-26,Space Launch Complex 40,28.56194122,-80.57735736,,90,28.6,23.7,0.0,20.2,39.6,72,1
c32d1f5e-2dd9-4b55-ac8b-3eb8c4a4e955,Starlink 26 & Rideshare,2021-05-15,Launch Complex 39A,28.60822681,-80.60428186,,70,24.9,22.4,0.2,29.6,55.4,29,1
e5085f22-208b-4b28-b66c-fd4bd9df90e7,Starlink 27,2021-05-09,Space Launch Complex 40,28.56194122,-80.57735736,,80,28.4,22.6,0.0,29.3,52.6,11,1
1ecc82c0-c5c8-41f0-aa58-b50a3b839ae0,Starlink 25,2021-05-04,Launch Complex 39A,28.60822681,-80.60428186,,80,30.0,23.6,2.5,22.6,41.0,62,1
fbd23c86-89d0-4d3f-b5fb-5d7165d05cca,Starlink 24,2021-04-29,Space Launch Complex 40,28.56194122,-80.57735736,,90,27.1,22.5,1.1,24.8,47.9,52,1
32dcb5ad-7609-4fc0-8094-768ee5c2ebe0,Crew-2,2021-04-23,Launch Complex 39A,28.60822681,-80.60428186,,95,22.6,19.0,0.0,24.1,45.7,61,1
385455f4-067e-4c24-9937-ca8283ed3307,Starlink 23,2021-04-07,Space Launch Complex 40,28.56194122,-80.57735736,,90,25.3,15.8,0.0,22.1,44.3,9,1
ec03fe36-fe2a-4e43-8e10-d07d5349f1de,Starlink 22,2021-03-24,Space Launch Complex 40,28.56194122,-80.57735736,,90,24.9,17.5,0.0,20.7,41.0,62,1
896d876d-e834-4810-8a5e-44d6b6a42630,Starlink 21,2021-03-14,Launch Complex 39A,28.60822681,-80.60428186,,90,23.8,15.6,0.0,17.5,32.4,41,1
134eb787-244e-4131-8b03-c9fbd0a11efc,Starlink 20,2021-03-11,Space Launch Complex 40,28.56194122,-80.57735736,,90,23.6,18.7,0.0,23.8,45.4,53,1
dfd4f0e0-0ab4-494d-bd88-1b93b934b269,Starlink 17,2021-03-04,Launch Complex 39A,28.60822681,-80.60428186,,90,18.4,14.6,0.2,32.8,56.9,60,1
985f1cc1-82c1-4a89-b2cc-e9dc91829a0e,Starlink 19,2021-02-16,Space Launch Complex 40,28.56194122,-80.57735736,,60,23.3,19.2,7.5,28.0,56.9,70,1
f31702e8-6353-4c9a-932c-5bd104717500,Starlink 18,2021-02-04,Space Launch Complex 40,28.56194122,-80.57735736,,95,17.2,5.9,0.0,14.3,28.8,36,1
f213a5df-579a-4682-8143-df228e463049,Transporter 1 (Dedicated SSO Rideshare),2021-01-24,Space Launch Complex 40,28.56194122,-80.57735736,,70,21.9,18.9,2.7,17.7,33.8,90,1
74426779-131d-416f-9ff5-dd879e231292,Starlink 16,2021-01-20,Launch Complex 39A,28.60822681,-80.60428186,,90,20.8,12.1,0.0,11.7,25.6,30,1
d5d607b7-05ed-4142-8703-14b553c195e0,Türksat 5A,2021-01-08,Space Launch Complex 40,28.56194122,-80.57735736,,70,20.6,15.7,1.3,28.5,53.3,74,1
528b72ff-e47e-46a3-b7ad-23b2ffcec2f2,NROL-108,2020-12-19,Launch Complex 39A,28.60822681,-80.60428186,,90,21.0,16.0,0.0,17.6,37.1,86,1
fd63c683-f3e4-465a-8230-b9ba62744c7d,SXM-7,2020-12-13,Space Launch Complex 40,28.56194122,-80.57735736,,80,23.3,17.2,0.6,12.0,26.3,87,1
06dfcb34-0b76-4fbc-9046-09ab66db7b83,Dragon CRS-2 SpX-21,2020-12-06,Launch Complex 39A,28.60822681,-80.60428186,,70,19.6,14.8,0.0,14.7,25.6,49,1
145b2935-8b72-44b2-8bda-4c27887721fd,Starlink 15,2020-11-25,Space Launch Complex 40,28.56194122,-80.57735736,,80,26.1,22.1,0.0,28.0,47.5,48,1
56623c2d-7174-489c-b0ed-bf6f039b2412,Sentinel-6 Michael Freilich (Sentinel-6A; Jason-CS),2020-11-21,Space Launch Complex 4E,34.632,-120.611,,80,19.1,8.2,0.0,12.6,29.2,93,1
0ede12be-ac6d-4571-9d0c-b2a85b5cf280,Crew-1,2020-11-16,Launch Complex 39A,28.60822681,-80.60428186,,80,24.7,22.1,0.4,25.6,46.1,42,1
23e362ae-8523-4224-9447-d05c4db03b8f,"GPS III SV04 ""Sacagawea""",2020-11-05,Space Launch Complex 40,28.56194122,-80.57735736,,80,26.6,23.4,0.9,28.3,47.9,44,1
47c91a03-2e98-42c9-8751-d8fb36c89c99,Starlink 14,2020-10-24,Space Launch Complex 40,28.56194122,-80.57735736,,60,28.0,24.3,0.8,15.3,29.5,49,1
2b04a116-8460-42f9-8d4b-b65c73ed3e49,Starlink 13,2020-10-18,Launch Complex 39A,28.60822681,-80.60428186,,70,26.7,24.7,4.8,35.0,59.4,54,1
8cbc59c0-60fb-4b8c-8a11-1edda0a82ab5,Starlink 12,2020-10-06,Launch Complex 39A,28.60822681,-80.60428186,,70,28.0,25.6,4.6,16.2,31.0,76,1
82b600f6-6c2d-4694-a263-cec4525714cf,Starlink 11,2020-09-03,Launch Complex 39A,28.60822681,-80.60428186,,80,30.6,25.5,0.6,13.9,27.0,23,1
98a5da32-4719-495b-9713-fcb5c058f31c,SAOCOM 1B,2020-08-30,Space Launch Complex 40,28.56194122,-80.57735736,,40,30.1,25.1,13.5,21.2,44.3,95,0
24b3b696-9253-4088-92f2-c7762f4e0a4c,Starlink 10,2020-08-18,Space Launch Complex 40,28.56194122,-80.57735736,,80,30.5,25.3,1.7,16.3,30.6,78,1
955fe2fa-b4c8-4a17-a22f-3b7aefa44444,Starlink 9,2020-08-07,Launch Complex 39A,28.60822681,-80.60428186,,70,29.3,25.3,2.0,11.2,25.9,79,1
7e9fd521-c3af-4c55-9873-93bfe9945749,ANASIS-II,2020-07-20,Space Launch Complex 40,28.56194122,-80.57735736,,70,30.2,27.0,1.5,22.2,42.8,17,1
3825c276-87d9-4a4b-8128-b5abbb83d45a,"GPS III SV03 ""Columbus""",2020-06-30,Space Launch Complex 40,28.56194122,-80.57735736,,60,35.1,26.1,5.3,22.7,43.9,36,1
f0f2d68e-85b4-4051-9554-bb98b6148860,Starlink 8,2020-06-13,Space Launch Complex 40,28.56194122,-80.57735736,,70,27.7,24.5,0.7,15.5,28.1,48,1
51dcfdc7-6dc8-42e3-8480-b41f24d874e3,Starlink 7,2020-06-04,Space Launch Complex 40,28.56194122,-80.57735736,,60,25.2,23.5,34.6,19.9,37.8,100,1
e71d3b58-dede-43f3-ac73-cc2de9a307ad,SpX-DM2 (Demonstration Mission 2),2020-05-30,Launch Complex 39A,28.60822681,-80.60428186,,70,27.9,23.2,16.9,13.5,28.8,85,1
f10b74d3-149a-46cb-b815-002f4bc0e7d1,Starlink 6,2020-04-22,Launch Complex 39A,28.60822681,-80.60428186,,90,24.6,19.7,0.0,21.8,42.1,69,1
fbf1234b-50ab-4414-92f9-1b53dad65d05,Starlink 5,2020-03-18,Launch Complex 39A,28.60822681,-80.60428186,,90,25.3,20.1,0.0,17.1,32.0,68,1
e7f4d577-40dc-44a4-81a7-d1ae42244d45,SpX CRS-20,2020-03-07,Space Launch Complex 40,28.56194122,-80.57735736,,60,17.7,12.8,0.0,34.8,60.8,42,1
93750120-d8ac-4ccf-ac7a-7e1cfa39c775,Starlink 4,2020-02-17,Space Launch Complex 40,28.56194122,-80.57735736,,90,25.1,17.5,0.7,16.3,28.1,57,1
76b54190-738f-4528-bf1f-ca4c8b14d07b,Starlink 3,2020-01-29,Space Launch Complex 40,28.56194122,-80.57735736,,80,21.7,14.3,2.8,13.8,26.6,37,1
a2851487-eb93-4a98-98a5-a130ed57937a,Starlink 2,2020-01-07,Space Launch Complex 40,28.56194122,-80.57735736,,90,20.1,10.7,0.0,17.7,31.3,22,1
5e63ba5c-92f9-4f30-b5d1-691748c2efa3,JCSAT-18/KACIFIC-1,2019-12-17,Space Launch Complex 40,28.56194122,-80.57735736,,90,25.7,22.3,3.9,24.9,46.8,55,1
4425a1b9-1c3d-4100-99f4-c0934264fc56,SpX CRS-19,2019-12-05,Space Launch Complex 40,28.56194122,-80.57735736,,80,19.1,11.0,0.0,16.2,30.6,55,1
501900f6-ede7-486d-bf13-cbc28fde93c3,Starlink 1,2019-11-11,Space Launch Complex 40,28.56194122,-80.57735736,,80,25.4,19.8,0.8,17.9,35.6,42,1
68ecf878-2491-4209-95fe-54f74fb163aa,Amos-17,2019-08-06,Space Launch Complex 40,28.56194122,-80.57735736,,40,28.7,24.8,7.1,17.3,32.0,65,0
28a5a464-2b2f-4b2e-b0e3-c704af99888b,SpX CRS-18,2019-07-25,Space Launch Complex 40,28.56194122,-80.57735736,,50,26.6,23.2,41.4,16.6,31.7,94,1
0a0a1326-c772-4027-8dc2-365b716f6691,STP-2,2019-06-25,Launch Complex 39A,28.60822681,-80.60428186,,80,29.2,24.6,0.0,14.4,29.5,6,1
267f232e-f34a-4c79-ac56-b00cf69dd32d,Starlink Demo,2019-05-24,Space Launch Complex 40,28.56194122,-80.57735736,,90,28.6,23.5,0.0,23.0,44.6,16,1
de607493-4c2d-458e-9797-097732027ece,SpX CRS-17,2019-05-04,Space Launch Complex 40,28.56194122,-80.57735736,,90,27.8,22.1,1.7,21.9,40.7,46,1
ed90f149-7762-4f9b-a878-90618db057e7,Arabsat-6A,2019-04-11,Launch Complex 39A,28.60822681,-80.60428186,,90,25.5,18.9,0.7,13.7,29.2,15,1
d889debc-b3d5-4472-a3eb-cf8a90d6ade0,SpaceX DM-1 (Demonstration Mission 1),2019-03-02,Launch Complex 39A,28.60822681,-80.60428186,,80,25.2,18.1,2.4,14.4,33.5,58,1
e5bd8f98-cf17-4563-8c2f-9063c803663d,"GTO-1 (Beresheet, S5)",2019-02-22,Space Launch Complex 40,28.56194122,-80.57735736,,80,24.5,19.3,0.0,21.5,34.6,15,1
b6e25a46-8461-40d9-ad81-fe24e52d1173,Iridium-8,2019-01-11,Space Launch Complex 4E,34.632,-120.611,,60,14.7,7.9,0.0,31.5,78.8,54,1
3a4faa1b-9aa3-4844-b518-ef8f83ff6ddd,"GPS III SV01 ""Vespucci""",2018-12-23,Space Launch Complex 40,28.56194122,-80.57735736,,95,17.4,9.9,0.0,10.2,20.2,15,1
34d6609f-7235-493d-a80b-dcf59b278a4e,SpX CRS-16,2018-12-05,Space Launch Complex 40,28.56194122,-80.57735736,,90,19.1,12.1,0.1,29.8,54.0,35,1
1f252074-9350-4ba7-8b06-4df4b4743ef8,Es'hail 2,2018-11-15,Launch Complex 39A,28.60822681,-80.60428186,,60,25.6,20.3,2.6,23.4,41.0,52,1
a7e8ed2a-49c0-49b4-8ed8-d567e32bf98a,Telstar 18 VANTAGE,2018-09-10,Space Launch Complex 40,28.56194122,-80.57735736,,60,28.2,23.5,7.2,16.3,29.5,88,1
76191cb9-a7f9-4592-886d-c51a06f32507,Merah Putih (Telkom-4),2018-08-07,Space Launch Complex 40,28.56194122,-80.57735736,,80,29.4,26.2,1.6,16.1,33.5,12,1
143b7f89-c64b-44ba-b8f3-f40ba8ad068c,Iridium-7,2018-07-25,Space Launch Complex 4E,34.632,-120.611,,90,21.9,14.2,0.0,20.8,59.0,50,1
0ea374f1-ac04-435d-bd6b-6d7e8d24760d,Telstar 19 VANTAGE,2018-07-22,Space Launch Complex 40,28.56194122,-80.57735736,,60,31.2,25.4,2.1,21.7,40.3,73,1
9961a642-0d04-44bd-850a-3f8299ef4d82,SpX CRS-15,2018-06-29,Space Launch Complex 40,28.56194122,-80.57735736,,90,28.2,24.6,4.8,16.6,33.5,79,1
3693d46b-1e71-4fd8-bde2-dda188448a93,SES-12,2018-06-04,Space Launch Complex 40,28.56194122,-80.57735736,,70,29.9,23.5,2.5,22.0,40.3,81,1
cdfd242c-c01b-48b1-9fae-4b78d6ee449e,Iridium-6 & GRACE-FO,2018-05-22,Space Launch Complex 4E,34.632,-120.611,,90,14.4,10.8,0.2,17.1,47.9,99,1
38ef9c7a-7d5a-4d25-b184-70c391b516ca,Bangabandhu-1,2018-05-11,Launch Complex 39A,28.60822681,-80.60428186,,70,28.6,19.7,0.0,16.8,29.2,90,1
ca4e796d-f3e4-4b80-b2f7-f7fd6a7b325f,TESS (Transiting Exoplanet Survey Satellite),2018-04-18,Space Launch Complex 40,28.56194122,-80.57735736,,90,25.4,13.5,0.0,16.3,33.1,0,1
161dee30-0b58-4eec-83e4-b4142914b7c1,SpX CRS-14,2018-04-02,Space Launch Complex 40,28.56194122,-80.57735736,,80,25.3,19.7,0.0,14.4,32.8,50,1
067aaad8-bafd-4c31-924c-dc18fb0bd4cc,Hispasat 30W-6 (Hispasat 1F),2018-03-06,Space Launch Complex 40,28.56194122,-80.57735736,,90,24.2,14.2,0.0,31.6,57.6,23,1
e443b805-1d5c-4491-b053-e03cd588611e,"PAZ & Microsat-2a, Microsat-2b",2018-02-22,Space Launch Complex 4E,34.632,-120.611,,90,11.5,6.1,1.4,27.3,68.8,27,1
598af929-31d4-4544-ad77-e0b6f9c8f460,Demo Flight 1 (Maiden Flight),2018-02-06,Launch Complex 39A,28.60822681,-80.60428186,,90,22.1,14.6,0.0,16.2,28.8,31,1
dc007d6f-0e07-4900-be31-76c6f3d74b61,GovSat (SES-16),2018-01-31,Space Launch Complex 40,28.56194122,-80.57735736,,90,17.8,11.9,0.0,20.8,42.8,81,1
2cf36ccb-c757-4951-aaaa-a35605ddb56f,Zuma,2018-01-08,Space Launch Complex 40,28.56194122,-80.57735736,,80,20.3,15.4,0.3,22.4,38.2,94,1
c63b742b-844f-40dc-af9b-fbd946dcf214,SpX CRS-13,2017-12-15,Space Launch Complex 40,28.56194122,-80.57735736,,90,24.3,15.3,0.0,20.0,36.7,81,1
cf40e58a-f301-4ecf-a8a0-7e6657a0319c,Koreasat 5A,2017-10-30,Launch Complex 39A,28.60822681,-80.60428186,,90,17.7,10.8,0.0,25.1,43.9,0,1
b18c9845-9e0a-4dab-9d2b-765886503877,Echostar 105/SES-11,2017-10-11,Launch Complex 39A,28.60822681,-80.60428186,,90,28.2,25.2,0.7,18.6,33.8,19,1
b8800f25-3b09-48de-895d-ec2fb7981c0f,Iridium-3,2017-10-09,Space Launch Complex 4E,34.632,-120.611,,90,25.7,12.5,0.0,15.5,38.5,4,1
82995933-e6fd-4de8-8785-5d98c9feddbe,OTV-5 (X-37B),2017-09-07,Launch Complex 39A,28.60822681,-80.60428186,,50,28.3,24.1,12.6,13.4,29.5,82,1
f9779d72-915c-42f0-b331-a13c8075f19d,Formosat 5,2017-08-24,Space Launch Complex 4E,34.632,-120.611,,90,19.0,14.6,0.0,17.4,47.2,86,1
8802f398-44b6-4b3c-a2e1-af73cbe9d44e,SpX CRS-12,2017-08-14,Launch Complex 39A,28.60822681,-80.60428186,,80,30.4,25.0,5.8,13.4,29.2,21,1
fe77ab35-1131-42ef-b9e4-1d876471e86d,Intelsat 35e,2017-07-05,Launch Complex 39A,28.60822681,-80.60428186,,90,29.5,24.8,0.6,15.9,31.7,13,1
eb953c99-1267-4892-85b2-51a4f22cbb08,Iridium-2,2017-06-25,Space Launch Complex 4E,34.632,-120.611,,100,18.1,12.5,0.0,22.9,58.3,57,1
b600cba0-29f6-4ef4-b3f5-039c287bc63b,BulgariaSat-1,2017-06-23,Launch Complex 39A,28.60822681,-80.60428186,,90,29.4,24.9,0.1,18.3,34.9,63,1
54f5fb21-1b92-4f6e-9220-7edc5f7dfb06,SpX CRS-11,2017-06-03,Launch Complex 39A,28.60822681,-80.60428186,,90,25.9,23.2,2.4,18.9,36.4,99,1
50da4982-75d1-4608-aa73-26a2675b3fae,Inmarsat-5 F4,2017-05-15,Launch Complex 39A,28.60822681,-80.60428186,,90,26.9,22.0,0.3,20.3,39.6,5,1
df8a584b-3ca5-43ca-86b8-6cbd0c66b5ac,NROL-76,2017-05-01,Launch Complex 39A,28.60822681,-80.60428186,,70,27.5,23.5,1.0,31.4,55.1,35,1
8690c683-f109-4642-a860-f23ffcff60a9,SES-10,2017-03-30,Launch Complex 39A,28.60822681,-80.60428186,,80,27.5,19.7,0.0,27.1,49.7,37,1
a9908568-9a9a-4e40-bd8f-52c1c52d7444,Echostar 23,2017-03-16,Launch Complex 39A,28.60822681,-80.60428186,,90,13.2,9.4,0.0,23.1,43.6,1,1
35e3bff1-a9f4-40de-b4e0-8dad8e131768,SpX CRS-10,2017-02-19,Launch Complex 39A,28.60822681,-80.60428186,,50,22.1,18.4,0.9,21.3,41.4,50,1
908879a4-f0da-4843-bd35-04eadd1dfb93,Iridium-1,2017-01-14,Space Launch Complex 4E,34.632,-120.611,,60,15.3,8.3,0.0,22.4,60.8,14,1
3622669f-6e06-467a-86f3-47b56b1114c1,Amos 6 (Failure before launch),2016-09-03,Space Launch Complex 40,28.56194122,-80.57735736,,0,29.2,26.1,8.5,20.9,40.7,75,0
42af1017-49f4-41ec-97d6-0c3520643fc8,JCSAT-16,2016-08-14,Space Launch Complex 40,28.56194122,-80.57735736,,0,29.3,26.9,0.4,18.3,32.0,86,0
74eb8c19-cb07-4674-8a0f-9090f952024a,SpX CRS-9,2016-07-18,Space Launch Complex 40,28.56194122,-80.57735736,,80,30.2,27.9,2.0,19.6,33.5,56,1
1af4fa39-c4d2-4e30-8b2a-70e9f94ac8a9,Thaicom 8,2016-05-27,Space Launch Complex 40,28.56194122,-80.57735736,,60,26.7,23.9,0.4,21.3,36.4,27,1
c1f172a5-85a2-4fb1-96b4-b05267f62d85,JCSAT-14,2016-05-06,Space Launch Complex 40,28.56194122,-80.57735736,,90,23.7,18.9,0.0,23.0,40.7,0,1
d47b8475-1175-479e-99b4-c86d535558e1,SpX CRS-8,2016-04-08,Space Launch Complex 40,28.56194122,-80.57735736,,90,27.2,18.8,0.0,24.5,37.1,42,1
b69f83d9-5d6f-4dfa-8d2a-e1759448a3b1,SES-9,2016-03-04,Space Launch Complex 40,28.56194122,-80.57735736,,90,22.6,17.3,0.8,26.1,43.2,40,1
